Count,Code,Description,Retail,Date,Cost,Supplier,Book,Total,Category,,,,,,,,
1,,1402A,,,,,$0.01,$0.01,1,,,,,,,,
5,,2N2222A NPN 40V .8A,,,,,$0.77,$3.85,1,,,,,,,,
,,,,,,,$0.00,$0.00,1,,,,,,,,
58,,2N4403 PNP 40V .6A,,,,,$0.20,$11.60,1,,,,,,,,
1,,MPSA42L,,9/09/2020,$10.00,P Perreaux,$0.00,$0.00,1,,,,,,,,
13,,2N6714 NPN 30V 1A,,,,,$0.20,$2.60,1,,,,,,,,
2,,2N6725 NPN Darl 60V 1A,,,,,$0.30,$0.60,1,,,,,,,,
7,,2SA673 PNP 35V .5A,,,,,$0.20,$1.40,1,,,,,,,,
7,,2SA1145 (mate for 2SC2705),$0.50,15/05/2017,$0.08,eBay,$0.00,$0.00,1,,,,,,,,
7,,2SC2705 (mate for 2SA1145),$0.50,15/05/2017,$0.08,eBay,$0.00,$0.00,1,,,,,,,,
9,,2SB544 PNP 25V 1A,,,,,$0.78,$7.02,1,,,,,,,,
2,,2SC1317 NPN 30V .5A,,,,,$0.05,$0.10,1,,,,,,,,
1,,2SC1335 NPN 30V .1A,,,,,$0.05,$0.05,1,,,,,,,,
1,,2SC1342 NPN 30V .03A,,,,,$0.05,$0.05,1,,,,,,,,
7,,2SC1906 NPN 30V .05A,,,,,$0.05,$0.35,1,,,,,,,,
47,,2SC371 NPN 35V .1A,,,,,$0.05,$2.35,1,,,,,,,,
"1,000",,2SC386A NPN 20V .02A,,,,,$0.00,$0.00,1,,,,,,,,
2,,2SC454 NPN 30V .1A,,,,,$0.05,$0.10,1,,,,,,,,
100,,2SC2240 NPN 120V .1A (mate for 2SA970),$1.80,22/08/2016,$0.05,eBay,$0.00,$0.00,1,,,,,,,,
98,,W1P NPN 40V 600mA surface mount SOT23 (PMBT2222A),$0.40,8/11/2018,$0.08,eBay,$0.00,$0.00,1,,,,,,,,
3,,2SC710 NPN 30V .03A,,,,,$0.05,$0.15,1,,,,,,,,
1,,2SC828 NPN 30V .05A,,,,,$0.05,$0.05,1,,,,,,,,
1,,2SC983 NPN 250V .05A,,,,,$2.25,$2.25,1,,,,,,,,
2,,2SD400 NPN 25V 1A,,,,,$0.76,$1.52,1,,,,,,,,
100,,MPSA42 ,,11/09/2020,$0.04,eBay,$0.01,$1.00,1,,,,,,,,
,,,,,,,$0.00,$0.00,1,,,,,,,,
28,,3N201 DG MOSFET,,,,,$0.01,$0.28,1,,,,,,,,
37,,KTC3200-BL NPN 120V 100mA low noise audio,,2/09/2015,$0.40,eBay,$0.00,$0.00,1,,,,,,,,
10,,9604,,,,,$0.01,$0.10,1,,,,,,,,
45,,2SA970 PNP 120V 100mA (mate for 2SC2240),$2.00,22/08/2016,$0.05,eBay,$0.00,$0.00,1,,,,,,,,
9,,2SC1740 NPN 50V 150mA,$1.20,30/09/2015,$0.27,eBay,$0.00,$0.00,1,,,,,,,,
,,,,,,,$0.00,$0.00,1,,,,,,,,
,,,,,,,$0.00,$0.00,1,,,,,,,,
1,,AY1114,,,,,$0.01,$0.01,1,,,,,,,,
1,,AY1120,,,,,$0.01,$0.01,1,,,,,,,,
1,,AY6109,,,,,$0.01,$0.01,1,,,,,,,,
2,,BC107 NPN 50V .1A,,,,,$0.05,$0.10,1,,,,,,,,
3,,BC108B NPN 30V .1A,,,,,$0.05,$0.15,1,,,,,,,,
,,,,,,,$0.00,$0.00,1,,,,,,,,
0,,BC157 PNP 50V .1A,,,,,$0.05,$0.00,1,,,,,,,,
2,,BC177 PNP 45V .1A,,,,,$0.05,$0.10,1,,,,,,,,
2,,BC207B NPN 45V .1A,,,,,$0.05,$0.10,1,,,,,,,,
8,,BC238B&C NPN 30V .1A,,,,,$0.05,$0.40,1,,,,,,,,
17,,BC318B NPN 40V .15A,,,,,$0.05,$0.85,1,,,,,,,,
1,,BC321 PNP 40V .15A,,,,,$0.05,$0.05,1,,,,,,,,
46,,BC327 PNP 50V .8A,$0.20,7/12/2016,$0.04,eBay,$0.00,$0.00,1,,,,,,,,
187,,BC337 NPN 50V .5A,$0.20,19/11/2015,$0.02,eBay,$0.00,$0.00,1,,,,,,,,
428,,BC547B NPN 45V .1A,,,$0.05,Henlynn,$0.01,$4.28,1,,,,,,,,
8,,BC550B NPN 50V .1A,,,$0.05,,$0.01,$0.08,1,,,,,,,,
703,,BC557 PNP 45V .1A,,,$0.05,,$0.01,$7.03,1,,,,,,,,
11,,BC558B NPN 30V .1A,,,$0.05,,$0.01,$0.11,1,,,,,,,,
2,,BC559B PNP 30V .1A,,,,,$0.05,$0.10,1,,,,,,,,
,,,,,,,$0.00,$0.00,1,,,,,,,,
2,,BC639 NPN 100V 1A,,,,KJP,$0.35,$0.70,1,,,,,,,,
5,,BC640 PNP 80V 1A,,,,T/T,$0.95,$4.75,1,,,,,,,,
3,,BF197 NPN 40V .025A,,,,,$0.10,$0.30,1,,,,,,,,
1,,BF199 NPN 40V .025A,,,,,$0.10,$0.10,1,,,,,,,,
45,,BC546B NPN 65V .1A,$0.25,21/07/2015,$0.05,eBay,$0.00,$0.00,1,,,,,,,,
3,,BF392 NPN 250V .5A,,,,,$0.10,$0.30,1,,,,,,,,
16,,BF422 NPN 250V .2A,,,,,$0.30,$4.80,1,,,,,,,,
8,,BF423 PNP 250V .2A,,,,,$0.30,$2.40,1,,,,,,,,
15,,BR101 NPN 90V 5A RF,,,,,$0.50,$7.50,1,,,,,,,,
11,,BSX21 NPN 120V .05A,,,,,$0.50,$5.50,1,,,,,,,,
41,,MPSA43 NPN 200V .5A,,,$0.30,,$0.01,$0.41,1,,,,,,,,
1,,MS9468,,,,,$0.01,$0.01,1,,,,,,,,
46,,PN3567 NPN 80V 1A,,,$0.30,,$0.01,$0.46,1,,,,,,,,
19,,PN3638A PNP 25V 1A RF,,,$0.30,,$0.01,$0.19,1,,,,,,,,
12,,PU01,,,,,$0.01,$0.12,1,,,,,,,,
6,,RJP30H1 transistor Silicon N-Ch IGBT hi-speed power switching 360V 30A,$2.00,,$0.40,eBay,$0.00,$0.00,2,,,,,,,,
5,,2N3725 NPN 80V .5A,,,,,$1.90,$9.50,2,,,,,,,,
6,,2N5643 NPN 65V 5A power RF Motorola,$18.00,,$13.00,,$3.00,$18.00,2,,,,,,,,
0,,2N6107 PNP 80V 7A,,,,,$0.73,$0.00,2,,,,,,,,
72,,2N6292 NPN 80V 7A (in second brown drawer),,,$1.00,Arrow,$0.05,$3.60,2,,,,,,,,
,,,,,,,$0.00,$0.00,2,,,,,,,,
1,,2SA1360 PNP 150V .05A NAD,,,,Hi Fi,$3.42,$3.42,2,,,,,,,,
2,,2SB546A PNP 200V 2A,,,,T/T,$3.55,$7.10,2,,,,,,,,
,,,,,,,$0.00,$0.00,2,,,,,,,,
56,,2SB646 PNP 120V .1A,,,,,$0.38,$21.28,2,,,,,,,,
102,,2SB646 PNP 120V .1A,,,,C&I,$0.10,$10.20,2,,,,,,,,
0,,2SB649A PNP 180V 1.5A,,,,T/T,$2.75,$0.00,2,,,,,,,,
,,,,,,,$0.00,$0.00,2,,,,,,,,
13,,2SC1447 NPN 300V .15A,,,,,$1.00,$13.00,2,,,,,,,,
17,,BD433 NPN 22V 4A audio,,,,,$0.01,$0.17,2,,,,,,,,
7,,2SD1138 NPN 150V 2A (pair with 2SB861),$4.50,21/07/2015,$1.05,eBay,$0.00,$0.00,2,,,,,,,,
3,,BD679 NPN Darlington + diode 80V 4A,,,$2.29,T/T,$2.29,$6.87,2,,,,,,,,
3,,BUZ901P mosfet n-ch,,27/05/2011,$16.00,Element14,$1.00,$3.00,2,,,,,,,,
2,,2SD1047 NPN 160V 12A NAD,,,$6.90,TDON,$1.00,$2.00,2,,,,,,,,
2,,MJE15030G NPN 150V 8A,,23/09/2020,$2.65,RS,$2.65,$5.30,2,,,,,,,,
2,,MJE15031G PNP 150V 8A,,23/09/2020,$2.65,RS,$2.65,$5.30,2,,,,,,,,
6,,2SD669A NPN 180V 1.5A,,,,T/T,$0.74,$4.44,2,,,,,,,,
4,,FQPF9N50CF MOSFET,$5.00,20/11/2020,$3.26,RS,$3.26,$13.04,2,,,,,,,,
,,,,,,,$0.00,$0.00,2,,,,,,,,
5,,BD131 NPN 70V 3A,,,,,$1.96,$9.80,2,,,,,,,,
55,,BD139 NPN 80V 1.5A,$1.00,,$0.38,Henlynn,$0.01,$0.55,2,,,,,,,,
67,,BD140 PNP 80V 1A,,,$0.40,Henlynn,$0.01,$0.67,2,,,,,,,,
10,,MJE243 NPN 100V 4A TO-126,$2.40,21/02/2018,$0.61,eBay,$0.00,$0.00,2,,,,,,,,
10,,MJE253 PNP 100V 4A TO-126,$2.10,21/02/2018,$0.52,eBay,$0.00,$0.00,2,,,,,,,,
1,,BD711 NPN 100V 12A,,,,D/S,$2.98,$2.98,2,,,,,,,,
1,,"HARRIS RFP40N10 TO-220 40A 100V, N channel",$8.00,13/08/2012,$4.00,eBay u-barn,$0.00,$0.00,2,,,,,,,,
1,,BDX34C PNP 100V 10A,,,,,$3.18,$3.18,2,,,,,,,,
1,,BFT43 NPN 125A 1A 50MHz,,,,TESA,$0.50,$0.50,2,,,,,,,,
6,,BFW16A NPN 40V .3A 1200MHz,,,$4.50,,$1.00,$6.00,2,,,,,,,,
2,,BLY97 NPN 66V 3A 175MHz,,,$8.50,,$1.00,$2.00,2,,,,,,,,
2,,2SC3298 NPN 160V 1.5A,,9/10/2003,$3.30,T/T,$3.30,$6.60,2,,,,,,,,
1,,BUK444 MOS-N-FET 800V 1.5A,,,$11.09,T/T,$1.00,$1.00,2,,,,,,,,
77,,BUX84 NPN 800V 2A,,,,C&I,$0.10,$7.70,2,,,,,,,,
10,,TIP122 NPN 100V 5A Darlington,$1.50,27/11/2015,$0.22,eBay,$0.00,$0.00,2,,,,,,,,
2,,2SA1306 PNP 160V 1.5A,,9/10/2003,$4.40,,$4.40,$8.80,2,,,,,,,,
8,,NSD106 NPN 140V 1A,,,$2.06,,$0.05,$0.40,2,,,,,,,,
21,,RCA1C12 NPN 140V 4A,$2.50,,$0.99,,$0.05,$1.05,2,,,,,,,,
28,,RCA1C13 PNP 140V 4A,$2.50,,$0.99,,$0.05,$1.40,2,,,,,,,,
1,,S1298 NPN 300V .1A Video Output,,,$3.50,,$0.50,$0.50,2,,,,,,,,
1,,TIP2955 PNP 100V 15A,,,,T/T,$3.60,$3.60,2,,,,,,,,
,,,,,,,$0.00,$0.00,2,,,,,,,,
1,,TIP30C PNP 100V 1A,,,,,$1.80,$1.80,2,,,,,,,,
2,,STP36NF06L N-channel MOSFET 60V 30A,$9.20,7/08/2015,$2.29,eBay,$0.00,$0.00,2,,,,,,,,
,,,,,,,$0.00,$0.00,2,,,,,,,,
,,,,,,,$0.00,$0.00,2,,,,,,,,
2,,TIP42C PNP 100V 6A,,,,D/S,$1.36,$2.72,2,,,,,,,,
3,,BUK452-60A MOSFET 60V 14A,,,$3.92,,$0.50,$1.50,2,,,,,,,,
0,,2N3055 NPN 100V 15A,,,,C&I,$0.99,$0.00,3,,,,,,,,
,,,,,,,$0.00,$0.00,3,,,,,,,,
1,,2N4347 NPN 140V 5A,,,,,$5.00,$5.00,3,,,,,,,,
1,,2N6242,,,,,$1.00,$1.00,3,,,,,,,,
6,,2N6609 PNP 160V 16A,$7.50,,$6.50,,$1.00,$6.00,3,,,,,,,,
4,,2SA757 PNP 120V 7A,,,$6.00,,$1.00,$4.00,3,,,,,,,,
,,,,,,,$0.00,$0.00,3,,,,,,,,
1,,2SC685A NPN 300V .1A,,,,,$4.00,$4.00,3,,,,,,,,
1,,2SC897 NPN 150V 7A,,,$6.00,,$1.00,$1.00,3,,,,,,,,
1,,2SD320 NPN 300V 2A,,,,,$4.00,$4.00,3,,,,,,,,
,,,,,,,$0.00,$0.00,3,,,,,,,,
,,,,,,,$0.00,$0.00,3,,,,,,,,
,,,,,,,$0.00,$0.00,3,,,,,,,,
,,,,,,,$0.00,$0.00,3,,,,,,,,
0,,MJ15003 NPN 140V 20A,,,$7.50,,$1.00,$0.00,3,,,,,,,,
5,,MJ15004 PNP 140V 20A,,,$7.50,,$1.00,$5.00,3,,,,,,,,
1,,MJ2955 PNP 60V 15A,,,,D/S,$3.89,$3.89,3,,,,,,,,
3,,MJ9615B,,,,,$1.00,$3.00,3,,,,,,,,
1,,113B,,,,,$0.80,$0.80,4,,,,,,,,
2,,130T,,,,,$0.15,$0.30,4,,,,,,,,
1,,132B,,,,,$0.80,$0.80,4,,,,,,,,
20,,RGP10D 200V 1A fast recovery,,,$0.47,eBay,$0.00,$0.00,4,,,,,,,,
88,,1N4007 1KV 1A,,,,,$0.07,$6.16,4,,,,,,,,
245,,1N4148,$0.10,16/05/2020,,eBay,$0.01,$2.45,4,,,,,,,,
35,,1N5408 1000V 3A,$0.75,16/04/2015,$0.06,eBay,$0.00,$0.00,4,,,,,,,,
1,,1N5624,,,,,$2.20,$2.20,4,,,,,,,,
1,,1S1658,,,,,$0.01,$0.01,4,,,,,,,,
1,,1S1660,,,,,$0.01,$0.01,4,,,,,,,,
21,,1N5404 diode 3A 400V,$0.55,23/10/2018,$0.10,eBay,$0.00,$4.54,4,,,,,,,,
8,,3B0A,,,,,$0.01,$0.08,4,,,,,,,,
4,,3B4J,,,,,$0.01,$0.04,4,,,,,,,,
1,,3B8J,,,,,$0.01,$0.01,4,,,,,,,,
1,,3E4 400V 3A,,,,,$0.62,$0.62,4,,,,,,,,
1,,6CC12,,,,,$0.01,$0.01,4,,,,,,,,
3,,72C Thermal,,,,,$2.50,$7.50,4,,,,,,,,
1,,AA14,,,,,$0.01,$0.01,4,,,,,,,,
1,,BA220,,,,,$0.01,$0.01,4,,,,,,,,
4,,BB119 Vcap 15-30pF HF,,,,Elcoma,$0.01,$0.04,4,,,,,,,,
4,,BB204B Vcap dual FM,,,,Elcoma,$0.01,$0.04,4,,,,,,,,
4,,BB809 Vcap 5-30pF VHF,,,,Elcoma,$0.01,$0.04,4,,,,,,,,
35,,BR305 50V 3A 50A-surge bridge,$1.20,,,C&I,$0.18,$6.30,4,,,,,,,,
1,R2KY,R2KY (R2M) 130V avalanche protection diode,$5.00,9/03/2005,$2.60,T/T,$2.60,$2.60,4,,,,,,,,
2,BY228,BY228 1500V 3A,,26/02/2007,$1.20,T/T,$1.20,$2.40,4,,,,,,,,
2,,BY229-800 8A sq 11A rms,,,,,$2.53,$5.06,4,,,,,,,,
9,,MBR10100CTL 10A 100V double diode Schottky TO-220,$1.80,21/07/2015,$0.44,eBay,$0.00,$0.00,4,,,,,,,,
2,,BYX42-1200,,,$5.00,,$1.00,$2.00,4,,,,,,,,
1,,BYX42-300R,,,,,$1.00,$1.00,4,,,,,,,,
3,,BYX55-350,,,$1.81,,$0.50,$1.50,4,,,,,,,,
10,,SR5200 (MBR5200) 200V 5A  Schottky diode,,6/03/2019,$0.16,eBay,$0.00,$0.00,4,,,,,,,,
1,,BZY61-C10,,,,,$0.82,$0.82,4,,,,,,,,
5,,KBPC3510 1kV 35A Bridge Rectifier,$9.00,10/08/2018,$1.00,eBay,$0.00,$0.00,4,,,,,,,,
13,,SR5100 100V 5A Schottky diode,$1.00,14/09/2016,$0.16,eBay,$0.00,$0.00,4,,,,,,,,
6,,EHT rectifier,,,,,$0.01,$0.06,4,,,,,,,,
45,,1N5388B Zener diode 200V 5W DO-15,$2.00,20/05/2016,$0.17,eBay,$0.00,$0.00,4,,,,,,,,
1,,SID30,,,,,$0.01,$0.01,4,,,,,,,,
1,,SKE2G,,,$3.63,Thorn,$0.00,$0.00,4,,,,,,,,
1,,TAA550,,,$2.43,,$0.00,$0.00,4,,,,,,,,
9,,UO7J & equivalent,,,$1.50,,$0.05,$0.45,4,,,,,,,,
54,,Vari-cap blue/white,,,,,$0.01,$0.54,4,,,,,,,,
1,,Z1W15 15V 1W zener,,,,,$0.70,$0.70,4,,,,,,,,
3,,zener 20V 1W 1N4747 BZX85C20,,,,,$0.57,$1.71,4,,,,,,,,
10,,GBU606 bridge 600V 6A (420V rms),,21/11/2013,$0.48,eBay,$0.00,$0.00,4,,,,,,,,
56,,zener 3V9,,,,,$0.08,$4.48,4,,,,,,,,
5,,"RF2001 T3D 20A(av) 300V (350V repetitive peak) fast recovery, dual diode, common cathode",$4.00,21/11/2016,$0.80,eBay,$0.00,$0.00,4,,,,,,,,
36,,P6KE120A Transient Voltage Suppressor Diode 102V,$2.00,6/05/2014,$0.15,eBay,$0.00,$0.00,4,,,,,,,,
8,,1N34A germanium point contact,$0.95,8/07/2020,$0.22,AliExpress,$0.00,$0.00,4,,,,,,,,
45,,1N34A germanium,$0.65,14/07/2020,$0.05,eBay,$0.00,$0.00,4,,,,,,,,
76,,zener 7V5,,,$0.30,,$0.05,$3.80,4,,,,,,,,
84,,zener 8V2,,,,,$0.08,$6.72,4,,,,,,,,
18,,RGP10D fast Recovery Rectifier Diode / Gleichrichter DO-41 DO-204AL 200V 1A ,,6/05/2014,$0.46,eBay,$0.00,$0.00,4,,,,,,,,
9,,zener 10V odds,,,$0.30,,$0.05,$0.45,4,,,,,,,,
,,,,,,,$0.00,$0.00,4,,,,,,,,
41,,zener 13V,,,,,$0.08,$3.28,4,,,,,,,,
0,,zener 15V 1N965B,,,,D/S,$0.16,$0.00,4,,,,,,,,
68,,16V zener,,,,,$0.08,$5.44,4,,,,,,,,
48,,P6KE51A Transient Voltage Suppressor Diode 43.6 V,$2.00,10/07/2015,$0.18,eBay,$0.00,$0.00,4,,,,,,,,
3,,SF5A400HD Ultrafast Recovery Rectifier 400V 5A (sm),$2.00,1/06/2018,$0.65,eBay,$0.00,$0.00,4,,,,,,,,
0,,zener 3V BZX79C3V0,,,$0.10,Philips,$0.05,$0.00,4,,,,,,,,
,,,,,,,$0.00,$0.00,5,,,,,,,,
,,,,,,,$0.00,$0.00,5,,,,,,,,
,,,,,,,$0.00,$0.00,5,,,,,,,,
,,,,,,,$0.00,$0.00,5,,,,,,,,
9,,CD4006,,,$2.73,,$0.50,$4.50,5,,,,,,,,
,,,,,,,$0.00,$0.00,5,,,,,,,,
2,,CD4009,,,,,$2.00,$4.00,5,,,,,,,,
5,,CD4010,,,,,$1.28,$6.40,5,,,,,,,,
,,,,,,,$0.00,$0.00,5,,,,,,,,
15,,CD4010 (HCF),,,,Henlynn,$0.34,$5.10,5,,,,,,,,
20,,,,,,,$0.00,$0.00,5,,,,,,,,
20,,CD4011 ,,12/03/2019,$0.18,eBay,$0.00,$0.00,5,,,,,,,,
25,,CD4012,,,$1.80,,$0.20,$5.00,5,,,,,,,,
,,,,,,,$0.00,$0.00,5,,,,,,,,
27,,CD4013 (HCF),,,,Henlynn,$0.22,$5.94,5,,,,,,,,
4,,CD4016,,,,,$2.16,$8.64,5,,,,,,,,
10,,CD40160,,,$3.13,,$0.50,$5.00,5,,,,,,,,
4,,CD4030,$1.65,1/08/2014,$0.54,eBay,$0.00,$0.00,5,,,,,,,,
15,,CD40174 (HCF),,,,Henlynn,$0.44,$6.60,5,,,,,,,,
2,,CD4020,,,$3.00,,$0.50,$1.00,5,,,,,,,,
9,,CD4022,,,$1.79,,$0.20,$1.80,5,,,,,,,,
17,,CD4023,,,$1.68,,$0.50,$8.50,5,,,,,,,,
1,,CD4024,,,,,$2.40,$2.40,5,,,,,,,,
2,,CD4025,,,,,$2.00,$4.00,5,,,,,,,,
2,,CD4027,,,,,$2.28,$4.56,5,,,,,,,,
13,,CD4028,,,$2.22,,$0.50,$6.50,5,,,,,,,,
30,,CD4043BE,,20/03/2020,$0.78,eBay,$0.78,$23.40,5,,,,,,,,
22,,CD4040,,,$3.18,,$0.20,$4.40,5,,,,,,,,
3,,CD4041,,,$2.73,,$0.50,$1.50,5,,,,,,,,
20,,CD4042,,,$1.16,,$0.20,$4.00,5,,,,,,,,
0,,,,,,,$0.00,$0.00,5,,,,,,,,
17,,CD40106,$1.20,8/07/2020,$0.13,eBay,$0.13,$2.21,5,,,,,,,,
21,,CD4044 (HEF),,,$0.74,Philips,$0.20,$4.20,5,,,,,,,,
9,,CD4047,,,$4.50,,$0.50,$4.50,5,,,,,,,,
9,,CD4049,,,$2.10,,$0.50,$4.50,5,,,,,,,,
,,,,,,,$0.00,$0.00,5,,,,,,,,
49,,CD4050 (HCF),,,,Henlynn,$0.30,$14.70,5,,,,,,,,
25,,CD4052 (HCF),,,,Henlynn,$0.47,$11.75,5,,,,,,,,
5,,CD4053 (HCF),,,,KJP,$2.43,$12.15,5,,,,,,,,
7,,CD4060 ,,13/01/2016,$0.25,eBay,$0.00,$0.00,5,,,,,,,,
22,,CD4066 (HCF),,,,Henlynn,$0.32,$7.04,5,,,,,,,,
46,,CD4066 HEF4066,,,$0.50,Elcoma,$0.20,$9.20,5,,,,,,,,
25,,CD4066 (HCF),,,$0.42,Henlynn,$0.20,$5.00,5,,,,,,,,
6,,CD4069,,,$1.68,,$0.50,$3.00,5,,,,,,,,
24,,CD4070 (HCF),,,,Henlynn,$0.21,$5.04,5,,,,,,,,
25,,CD4071 (HCF),,,,Henlynn,$0.21,$5.25,5,,,,,,,,
2,,CD4071,,,,,$1.50,$3.00,5,,,,,,,,
4,,CD4072,,,,,$0.78,$3.12,5,,,,,,,,
,,,,,,,$0.00,$0.00,5,,,,,,,,
32,,CD4075,,,$2.00,,$0.20,$6.40,5,,,,,,,,
21,,CD4081,,,$2.40,,$0.20,$4.20,5,,,,,,,,
25,,CD4082 (HCF),,,,Henlynn,$0.21,$5.25,5,,,,,,,,
7,,CD4082,,,,,$0.90,$6.30,5,,,,,,,,
1,,CD4082 see bulk,,,,,$0.01,$0.01,5,,,,,,,,
4,,CD4030,$1.65,1/08/2014,$0.53,eBay,$0.00,$0.00,5,,,,,,,,
4,,CD4510,,,,,$2.00,$8.00,5,,,,,,,,
25,,CD4511 (HCF),,,$0.56,Henlynn,$0.20,$5.00,5,,,,,,,,
6,,CD4511 HEF4511,,,,Elcoma,$0.89,$5.34,5,,,,,,,,
15,,CD4512 (HCF),,,,Henlynn,$0.49,$7.35,5,,,,,,,,
2,,CD4514 (HEF),,,$3.14,Elcoma,$0.50,$1.00,5,,,,,,,,
13,,CD4516 (HEF),,,$0.99,Elcoma,$0.20,$2.60,5,,,,,,,,
1,,CD4521,$4.20,6/08/2014,$1.46,eBay,$0.00,$0.00,5,,,,,,,,
1,,AH0014 see bulk,,,,,$0.01,$0.01,6,,,,,,,,
1,,CA3052 see bulk,,,,,$0.01,$0.01,6,,,,,,,,
3,,TA7317P protection circuit for amplifier,$6.50,14/04/2015,$2.52,eBay,$0.00,$0.00,6,,,,,,,,
1,,AN6652 - turntable motor control IC,$3.50,19/12/2014,$0.50,eBay,$0.00,$0.00,6,,,,,,,,
8,,MC4044P Frequency Phase Detector,$4.50,3/03/2017,$1.69,eBay,$0.00,$0.00,6,,,,,,,,
1,,CA3140 BIMOS op amp,,,,,$2.00,$2.00,6,,,,,,,,
2,,DM7402,,,,,$0.88,$1.76,6,,,,,,,,
8,,FUA796 see bulk,,,,,$0.01,$0.08,6,,,,,,,,
4,,ICL8038 wave gen VCO,$10.00,10/03/2016,$0.72,eBay,$0.00,$0.00,6,,,,,,,,
1,,ICL8049 antilog amp,,,$8.00,,$0.50,$0.50,6,,,,,,,,
1,,LB1405,,,,,$4.60,$4.60,6,,,,,,,,
1,,LB1416,,,,,$4.29,$4.29,6,,,,,,,,
2,,LB1426,,,,,$4.86,$9.72,6,,,,,,,,
2,,LD3150,,,,,$3.00,$6.00,6,,,,,,,,
1,,LF351 see bulk,,,,,$0.01,$0.01,6,,,,,,,,
10,,LF351N JFET input op amp,,,$1.16,,$0.10,$1.00,6,,,,,,,,
1,,796 HCG see bulk,,,,,$0.01,$0.01,6,,,,,,,,
1,,LF355 1 in stock plus see bulk,,,,,$2.00,$2.00,6,,,,,,,,
2,,LM1496 ,$3.00,8/10/2020,$0.72,eBay,$0.72,$1.44,6,,,,,,,,
6,,LM301 op amp,,,,,$1.02,$6.12,6,,,,,,,,
7,,LM3075 FM DET/LIM+AUD preamp see bulk,,,$2.00,,$0.20,$1.40,6,,,,,,,,
9,,ULN2003A Darlington Transistor Array SM,$1.00,21/11/2016,$0.13,eBay,$0.00,$0.00,6,,,,,,,,
3,,LM3086N see bulk,,,,,$0.01,$0.03,6,,,,,,,,
2,,LM311N comparator,,,,Elcoma,$1.11,$2.22,6,,,,,,,,
3,,LM319 dual comp,,,$2.70,,$0.20,$0.60,6,,,,,,,,
7,,LM324 quad op amp,,,$0.22,eBay,$0.00,$0.00,6,,,,,,,,
1,,LM324 see bulk,,,,,$0.01,$0.01,6,,,,,,,,
1,,?A733PC,$10.00,27/01/2010,$9.00,eBay,$0.00,$0.00,6,,,,,,,,
5,,LM3401 (CA3401) quad amp,,,$2.60,,$0.20,$1.00,6,,,,,,,,
1,,LM3900 quad amp see bulk - used,,,,,$0.00,$0.00,6,,,,,,,,
7,,LM380 audio power amp,,,$3.54,,$0.50,$3.50,6,,,,,,,,
2,,LM381 dual preamp,,,$4.58,,$0.50,$1.00,6,,,,,,,,
2,,LM384 5W power amp,,,$4.71,,$0.50,$1.00,6,,,,,,,,
4,,LM387 dual preamp,,,$3.43,,$0.50,$2.00,6,,,,,,,,
5,,74HCT4094D,$6.00,6/09/2018,$3.00,eBay,$0.00,$0.00,6,,,,,,,,
1,,74HCT4094E,$7.00,1/09/2018,$9.00,eBay,$0.00,$0.00,6,,,,,,,,
2,,LM3905 timer,,,,,$2.82,$5.64,6,,,,,,,,
1,,LM3909 LED flasher,,,$4.45,DJR,$0.50,$0.50,6,,,,,,,,
2,,LM3915 (in a mixed bag),,,,,$0.00,$0.00,6,,,,,,,,
7,,LM358MX surface mount,$3.00,19/10/2020,$0.72,eBay,$0.72,$5.04,6,,,,,,,,
2,,ULN2803AG SOP18 IC Darlington transistor array SM,$1.50,12/01/2016,,eBay,$0.00,$0.00,6,,,,,,,,
10,,LM555 timer,$0.65,4/10/2016,$0.15,eBay,$0.00,$0.00,6,,,,,,,,
1,,LM709 op amp,,,,,$0.84,$0.84,6,,,,,,,,
1,,LM723 2V-37V 150mA reg,,,,D/S,$1.58,$1.58,6,,,,,,,,
5,,LM725 op amp,,,$8.47,,$0.50,$2.50,6,,,,,,,,
65,,LM741 & UA741 op amp,,,$0.52,,$0.10,$6.50,6,,,,,,,,
4,,LM747 dual op amp,,,$2.52,,$0.50,$2.00,6,,,,,,,,
1,,MC1350,,,$1.80,,$0.50,$0.50,6,,,,,,,,
8,,MC1458 see bulk,,,,,$0.01,$0.08,6,,,,,,,,
2,,MC4741 see bulk,,,,,$0.01,$0.02,6,,,,,,,,
101,,MD8002 dual transistor NPN 50V 30mA TO-99 - old stock,$2.50,,,,$0.01,$1.01,6,,,,,,,,
1,,MM5*15N Nat see bulk,,,,,$0.01,$0.01,6,,,,,,,,
4,,NE5205N 20dB 550mHz,,,$7.33,Elcoma,$0.50,$2.00,6,,,,,,,,
1,,NE556N dual timer,,,,,$2.43,$2.43,6,,,,,,,,
1,,RC4136 with a cut pin,,,,,$3.20,$3.20,6,,,,,,,,
,,,,,,,$0.00,$0.00,6,,,,,,,,
6,,TDA1022,,,$5.50,,$0.50,$3.00,6,,,,,,,,
,,,,,,,$0.00,$0.00,6,,,,,,,,
1,,TL074 quad JFET op amp,,,$1.80,,$0.50,$0.50,6,,,,,,,,
5,,UA734 metal,,,$2.00,,$0.10,$0.50,6,,,,,,,,
2,,UA777,,,,,$2.00,$4.00,6,,,,,,,,
31,,XR4741 quad op amp,,,$1.43,Prof Elec,$0.20,$6.20,6,,,,,,,,
3,,TNY176PN - switch mode P/S,$4.00,10/11/2016,$0.50,eBay,$0.00,$0.00,7,,,,,,,,
8,,A1373 & HA1118,,,,,$0.01,$0.08,7,,,,,,,,
1,,AN245 CTV video,,,,,$0.01,$0.01,7,,,,,,,,
1,,AN340P sound Sanyo,,,$7.20,T/T,$0.00,$0.00,7,,,,,,,,
1,,AN5250,,,,,$0.01,$0.01,7,,,,,,,,
1,,AN5265 Sanyo audio TV,,,,T/T,$0.01,$0.01,7,,,,,,,,
1,,AN5435 H&V,,,,T/T,$0.01,$0.01,7,,,,,,,,
1,,AN5515 vert O/P Toshiba,,,,T/T,$0.01,$0.01,7,,,,,,,,
1,,AN5521 vert O/P,,,,T/T,$0.01,$0.01,7,,,,,,,,
1,,AN5601 National,,,,T/T,$0.01,$0.01,7,,,,,,,,
1,,HA11235,,,,,$0.01,$0.01,7,,,,,,,,
3,,HA1125,,,,,$0.01,$0.03,7,,,,,,,,
7,,HA1158,,,,,$0.01,$0.07,7,,,,,,,,
1,,LA5112 Sanyo,,,,T/T,$0.01,$0.01,7,,,,,,,,
10,,LA7806 B&W TV deflection,,,,,$0.01,$0.10,7,,,,,,,,
1,,LA7838 vert scan,,,,T/T,$2.22,$2.22,7,,,,,,,,
1,,SAB3013 Philips CTV,,,,TESA,$0.01,$0.01,7,,,,,,,,
0,,SAS580 see used bag,,,,,$0.01,$0.00,7,,,,,,,,
6,,SAS590 (and used bag),,,,,$0.01,$0.06,7,,,,,,,,
4,,SN76231 & TAA630S,,,,,$0.01,$0.04,7,,,,,,,,
2,,SN76570,,,,,$0.01,$0.02,7,,,,,,,,
1,,ST6356B1/TL Teac TV,,,$27.00,DI,$0.01,$0.01,7,,,,,,,,
1,,STRF6656 P/S IC Panasonic,,23/09/2003,$12.95,T/T,$0.00,$0.00,7,,,,,,,,
1,,TA7161,,,,,$0.01,$0.01,7,,,,,,,,
3,,TA7173,,,,,$0.01,$0.03,7,,,,,,,,
1,,TA7698 TV jungle,,,,T/T,$0.01,$0.01,7,,,,,,,,
2,,TBA120T,,,,,$0.01,$0.02,7,,,,,,,,
1,,TBA240B,,,,,$0.01,$0.01,7,,,,,,,,
1,,TBA395 Thorn CTV,,,,,$0.01,$0.01,7,,,,,,,,
1,,TBA540,,,,,$0.01,$0.01,7,,,,,,,,
2,,TBA800 sound O/P,,,,,$0.01,$0.02,7,,,,,,,,
15,,TBA810,,,,,$0.01,$0.15,7,,,,,,,,
5,,TBA810A,,,,,$0.01,$0.05,7,,,,,,,,
1,,TBA820M mini audio MGA,,,,T/T,$0.01,$0.01,7,,,,,,,,
9,,TBA920,,,,,$0.01,$0.09,7,,,,,,,,
6,,TCA270,,,,,$0.01,$0.06,7,,,,,,,,
1,,TDA1035T audio O/P Sharp,,,,,$7.46,$7.46,7,,,,,,,,
1,,TDA1170N vert O/P Goldstar,,,,T/T,$5.29,$5.29,7,,,,,,,,
14,,TDA2530,,,,,$0.01,$0.14,7,,,,,,,,
1,,TDA2532,,,,,$0.01,$0.01,7,,,,,,,,
6,,TDA2541,,,,,$0.01,$0.06,7,,,,,,,,
2,,TDA2560,,,,,$0.01,$0.02,7,,,,,,,,
1,,TDA2576,,,,,$0.01,$0.01,7,,,,,,,,
2,,LA7830 vert O/P,,,$5.99,T/T,$0.00,$0.00,7,,,,,,,,
1,,LA7833,,,$2.90,,$0.00,$0.00,7,,,,,,,,
3,,TDA2578A Sharp TX100 osc,,,$9.35,,$0.20,$0.60,7,,,,,,,,
1,,TDA2577A,,,$10.15,T/T,$0.00,$0.00,7,,,,,,,,
1,,TDA2581,,,,,$0.01,$0.01,7,,,,,,,,
4,,TDA2590,,,,,$0.01,$0.04,7,,,,,,,,
3,,TDA2591,,,,,$0.01,$0.03,7,,,,,,,,
1,,TDA2620,,,,,$0.01,$0.01,7,,,,,,,,
,,,,,,,$0.00,$0.00,7,,,,,,,,
4,,TDA2640,,,,,$0.01,$0.04,7,,,,,,,,
1,,TDA3560 chroma O/P,,,,T/T,$0.01,$0.01,7,,,,,,,,
1,,TDA3565 chroma,,,,T/T,$0.01,$0.01,7,,,,,,,,
1,,TDA3571 Philips sync,,,,TESA,$0.01,$0.01,7,,,,,,,,
1,,TDA4580 chroma O/P,,,,TDON,$0.01,$0.01,7,,,,,,,,
1,,TDA6103Q video RGB output,,25/09/2004,$12.63,T/T,$0.01,$0.01,7,,,,,,,,
1,,TDA8217 Teac TV,,,$13.50,DI,$0.01,$0.01,7,,,,,,,,
1,,UPC1365C chroma,,,,T/T,$0.01,$0.01,7,,,,,,,,
1,,UPC1377C vert drive,,,,T/T,$0.01,$0.01,7,,,,,,,,
1,,134A video head amp,,,,,$0.00,$0.00,8,,,,,,,,
1,,2073D equiv to TDA2822 8 pin audio,,,,,$0.00,$0.00,8,,,,,,,,
2,,4558D op amp,,,,TDON,$0.00,$0.00,8,,,,,,,,
2,,4N25,,,,,$1.30,$2.60,8,,,,,,,,
1,,4N35 opto transistor,,,,DJR,$2.09,$2.09,8,,,,,,,,
28,,4N37 opto transistor,,,,,$0.25,$7.00,8,,,,,,,,
1,,8413 Fountain video game,,,,,$0.00,$0.00,8,,,,,,,,
1,,8426 Fountain video game,,,,,$0.00,$0.00,8,,,,,,,,
1,,A6393S Akai capstan,,,,,$0.00,$0.00,8,,,,,,,,
1,,AM6012 D-A Casio,,,,,$0.00,$0.00,8,,,,,,,,
1,,AN217 AM/FM National,,,,,$0.00,$0.00,8,,,,,,,,
1,,AN3822K (AN3821K),,,,,$0.00,$0.00,8,,,,,,,,
1,,AN6249 auto stop,,,,,$0.00,$0.00,8,,,,,,,,
1,,AN6360 video,,,,,$0.00,$0.00,8,,,,,,,,
1,,AN6676 video,,,,,$0.00,$0.00,8,,,,,,,,
1,,AN8275 Mitsubishi video,,,,Melco,$0.00,$0.00,8,,,,,,,,
1,,AT24C02 Goldstar CTV,,,,Rankine,$0.00,$0.00,8,,,,,,,,
1,,BA3505 Sanyo preamp,,,,,$0.00,$0.00,8,,,,,,,,
1,,BA3822LS EQ preamp,,,,F&P,$0.00,$0.00,8,,,,,,,,
1,,BA4422AN FM front end Sharp,,,,,$0.00,$0.00,8,,,,,,,,
2,,BA6209 Akai capstan,,,,,$0.00,$0.00,8,,,,,,,,
1,,BA6229 Akai video,,,,,$0.00,$0.00,8,,,,,,,,
1,,BA6301 Tech,,,,T/T,$0.00,$0.00,8,,,,,,,,
1,,BA6430S capstan drive Panasonic,,,,,$0.00,$0.00,8,,,,,,,,
1,,BA6435S capstan Panasonic,,,$9.50,T/T,$0.00,$0.00,8,,,,,,,,
1,,BA7172S head preamp Sharp,,,,,$0.00,$0.00,8,,,,,,,,
1,,BA7279S head preamp Sharp,,,,,$0.00,$0.00,8,,,,,,,,
1,,C68241Y Akai front end,,,$45.70,TESA,$0.00,$0.00,8,,,,,,,,
1,,CX136A Sanyo video,,,,,$0.00,$0.00,8,,,,,,,,
1,,CX145 Sanyo video,,,,,$0.00,$0.00,8,,,,,,,,
1,,CXA1019 radio Protech,,,,CEI,$0.00,$0.00,8,,,,,,,,
1,,CXA1587S Sony jungle,,,,,$0.00,$0.00,8,,,,,,,,
1,,D75208CW 018 NEC video CPU,,,,Comital,$0.00,$0.00,8,,,,,,,,
1,,D7538C Funai sys-control,,,,Rangitoto,$0.00,$0.00,8,,,,,,,,
1,,GE3020,,,,,$0.00,$0.00,8,,,,,,,,
5,,H11J5,,,,DJR,$0.00,$0.00,8,,,,,,,,
1,,HA1137,,,,,$0.00,$0.00,8,,,,,,,,
1,,HA11724 video,,,,,$0.00,$0.00,8,,,,,,,,
2,,HA1199 AM radio,,,,,$0.00,$0.00,8,,,,,,,,
1,,HA12084BNT Hitachi audio,,,,Centrade,$0.00,$0.00,8,,,,,,,,
1,,HA13001,,,$6.45,T/T,$0.00,$0.00,8,,,,,,,,
1,,HA1329W audio O/P,,,$12.10,TESA,$0.20,$0.20,8,,,,,,,,
3,,HA1366WR audio,,,,,$1.00,$3.00,8,,,,,,,,
1,,HA1372 audio,,,$15.20,T/T,$0.10,$0.10,8,,,,,,,,
1,,HA1377,,,$7.91,T/T,$0.20,$0.20,8,,,,,,,,
1,,IR3P06 video,,,,,$0.00,$0.00,8,,,,,,,,
1,,IXO715CE Sharp mem,,,,,$0.00,$0.00,8,,,,,,,,
1,,IXO933CE Sharp CPU,,,,,$0.00,$0.00,8,,,,,,,,
1,,KIA7668BP Toshiba preamp,,,,Monaco,$0.00,$0.00,8,,,,,,,,
1,,LA1245 AM Sharp,,,,,$0.00,$0.00,8,,,,,,,,
1,,LA1265 AM/FM,,,,Monaco,$0.00,$0.00,8,,,,,,,,
1,,LA2110 FM,,,,AWA,$0.00,$0.00,8,,,,,,,,
1,,LA4108 audio,,,$5.40,T/T,$0.10,$0.10,8,,,,,,,,
1,,"AN7273 AM Tuner, FM/AM IF Amplifier (used)",,,,,$0.00,$0.00,8,,,,,,,,
2,,LA4446 audio,,,$4.90,T/T,$0.10,$0.20,8,,,,,,,,
,,,,,,,$0.00,$0.00,8,,,,,,,,
,,,,,,,$0.00,$0.00,8,,,,,,,,
2,,LA4500 audio,,,$4.52,T/T,$0.10,$0.20,8,,,,,,,,
,,,,,,,$0.00,$0.00,8,,,,,,,,
1,,STR-A6051M Power IC for PWM,$9.00,20/05/2018,$4.40,eBay,$0.00,$0.00,8,,,,,,,,
1,,LA7250 Mitsubishi colour,,,,Melco,$0.00,$0.00,8,,,,,,,,
1,,M50708-611SP CPU,,,,Melco,$0.00,$0.00,8,,,,,,,,
2,,M51015L JVC remote,,,,TESA,$0.00,$0.00,8,,,,,,,,
3,,M5112Y audio O/P,,,,,$0.00,$0.00,8,,,,,,,,
1,,M51408SP Mitsubishi TV CPU,,,,Melco,$0.00,$0.00,8,,,,,,,,
0,,M51473P head preamp,,,,T/T,$0.00,$0.00,8,,,,,,,,
2,,M51517L audio,,,,Metro,$0.00,$0.00,8,,,,,,,,
1,,M54648L Hitachi motor drive,,,,Centrade,$0.00,$0.00,8,,,,,,,,
1,,M54649L video loading,,,,,$0.00,$0.00,8,,,,,,,,
2,,M58655P TV EPROM,,,,T/T,$0.00,$0.00,8,,,,,,,,
10,,MCP3022 triac drive,,,,,$0.84,$8.40,8,,,,,,,,
1,,MN15342VQH video,,,,,$0.01,$0.01,8,,,,,,,,
1,,MN15342VEE video,,,,F&P,$0.01,$0.01,8,,,,,,,,
1,,MN6030B National remote,,,,F&P,$0.01,$0.01,8,,,,,,,,
4,,MOC3041 triac driver,,,,DJR,$1.00,$4.00,8,,,,,,,,
1,,NM93C46 EPROM Sharp,,,,,$0.01,$0.01,8,,,,,,,,
1,,ON3205 opto coupler,,,$15.01,F&P,$0.50,$0.50,8,,,,,,,,
1,,LM358 op amp,,15/03/2012,$1.50,T/T,$1.50,$1.50,8,,,,,,,,
2,,RA08-390N,,,,,$0.01,$0.02,8,,,,,,,,
1,,STA341M JVC CD,,,,CEI,$0.01,$0.01,8,,,,,,,,
1,,STK4112 MKII,,,$11.50,T/T,$1.00,$1.00,8,,,,,,,,
1,,STR-X6768 TO3P-7L SMPS IC,$9.00,26/05/2018,$4.71,eBay,$0.00,$1.00,8,,,,,,,,
0,,,,,,,$0.00,$1.00,8,,,,,,,,
1,,STK4211 MKII Sony amp,,,$110.15,TESA,$1.00,$1.00,8,,,,,,,,
1,,STK5339A video P/S,,,$18.12,F&P,$1.00,$1.00,8,,,,,,,,
1,,STK5392 VCR P/S reg,,,$14.00,T/T,$1.00,$1.00,8,,,,,,,,
0,,LA4270 audio power,,2/05/2005,$9.69,T/T,$1.00,$0.00,8,,,,,,,,
1,,STR1096 video P/S,,,,,$0.01,$0.01,8,,,,,,,,
1,,STR40090 Panasonic TV P/S,,,,T/T,$0.01,$0.01,8,,,,,,,,
1,,STR54041 P/S reg,,,,T/T,$0.01,$0.01,8,,,,,,,,
1,,UPD75212ACW Sony CPU,,,,TESA,$0.01,$0.01,8,,,,,,,,
1,,TA8776N audio control Sony TV,$15.00,21/02/2012,$10.00,T/T,$0.00,$0.00,8,,,,,,,,
1,,SVI3101 equiv to RSN3502A Pana audio,,,,,$1.00,$1.00,8,,,,,,,,
3,,FAN6755U PS start-up (Panasonic TV),$11.00,21/07/2017,$1.34,eBay,$1.34,$4.02,8,,,,,,,,
1,,TA7227 audio O/P,,,$8.65,T/T,$1.00,$1.00,8,,,,,,,,
1,,TA7271P audio,,,$8.89,T/T,$1.00,$1.00,8,,,,,,,,
1,,TA7273P audio,,,$7.50,,$1.00,$1.00,8,,,,,,,,
1,,TA7361AP JVC video,,,,,$0.01,$0.01,8,,,,,,,,
1,,TA7613,,,,,$0.01,$0.01,8,,,,,,,,
1,,TA7668AP audio,,,$3.47,,$1.00,$1.00,8,,,,,,,,
1,,TA7673P National modulator,,,,F&P,$0.01,$0.01,8,,,,,,,,
1,,TDA8361 Goldstar CTV,,,,T/T,$0.01,$0.01,8,,,,,,,,
1,,TA7680AP CTV IF,,,,T/T,$0.01,$0.01,8,,,,,,,,
1,,TA8210H audio,,,$19.81,T/T,$1.00,$1.00,8,,,,,,,,
1,,TA8225H car audio amp,,,$10.20,T/T,$1.00,$1.00,8,,,,,,,,
1,,TD6304 auto stop,,,,,$0.01,$0.01,8,,,,,,,,
1,24C04,24C04 EPROM,$12.00,2/12/2004,$5.38,T/T,$0.00,$0.00,8,,,,,,,,
1,,UPD1703C020,,,,AWA,$0.00,$0.00,8,,,,,,,,
1,,UPD1708AG Sound Barrier,,,,D/S,$0.00,$0.00,8,,,,,,,,
,,,,,,,$0.00,$0.00,8,,,,,,,,
1,,TDA4687 RGB,,,,Rankine,$0.01,$0.01,8,,,,,,,,
23,,TDA7050T mini audio,,,$1.90,Elcoma,$0.10,$2.30,8,,,,,,,,
1,,TDA8172 vert scan,,,,TDON,$0.01,$0.01,8,,,,,,,,
1,,TDA8362 Sharp,,,,,$0.01,$0.01,8,,,,,,,,
1,,TEA5101A CRT drive,,,,T/T,$0.01,$0.01,8,,,,,,,,
1,,TMP47C433AN CPU Pro-Ser,,,,D/S,$0.01,$0.01,8,,,,,,,,
1,,UPC1018C AM/FM,,,,,$0.01,$0.01,8,,,,,,,,
3,,UPC1185H2 audio,,,,,$0.10,$0.30,8,,,,,,,,
1,,UPC1182 audio,,,,TESA,$0.10,$0.10,8,,,,,,,,
30,,UPC1188 audio O/P,,,,,$0.10,$3.00,8,,,,,,,,
1,,UPC1181,,,,T/T,$0.01,$0.01,8,,,,,,,,
1,,UPC1222C AM Sharp,,,,,$0.01,$0.01,8,,,,,,,,
1,,UPC1238 audio amp,,,,,$0.01,$0.01,8,,,,,,,,
1,,UPC1230H2,,,,,$0.01,$0.01,8,,,,,,,,
1,,UPC1420 NEC CTV,,,,T/T,$0.01,$0.01,8,,,,,,,,
1,,UPC1504C video,,,,,$0.01,$0.01,8,,,,,,,,
1,,UPC1505C video,,,,,$0.01,$0.01,8,,,,,,,,
1,,BT139F-500 triac 16A 60mA,,,,,$0.00,$0.00,9,,,,,,,,
13,,BT139F-600 triac 16A 60mA,,,,,$0.00,$0.00,9,,,,,,,,
4,,T6431D 400V 30A triac,,,,AWA,$1.00,$4.00,9,,,,,,,,
2,,S6015L 600V SCR - used,,,$2.30,,$0.10,$0.20,9,,,,,,,,
,,,,,,,$0.00,$0.00,9,,,,,,,,
44,,Diac DB3 (eqiv BR100-03) 32V-36V max 2A,$0.80,5/04/2016,$0.03,eBay,$0.00,$0.00,9,,,,,,,,
6,,BTA06-600S 600V 6A 6mA gate triac,,,,Henlynn,$1.40,$8.40,9,,,,,,,,
4,,BTA140-800 triac 25A,,,$4.54,Elcoma,$0.10,$0.40,9,,,,,,,,
5,,BTB06-600B triac 600V 6A 50mA gate,,,,Henlynn,$0.44,$2.20,9,,,,,,,,
,,,,,,,$0.00,$0.00,9,,,,,,,,
2,,Diac PE6 PEL,,,,PEL,$0.72,$1.44,9,,,,,,,,
2,,Diac Speedrite AN7 & AN9,,,,Speedrite,$0.33,$0.66,9,,,,,,,,
5,,DO201YR diac 32V 2A,,,,AWA,$0.30,$1.50,9,,,,,,,,
1,,G4000D RCA SCR?,,,,,$0.01,$0.01,9,,,,,,,,
7,,RCA41015 triac,,,,,$1.00,$7.00,9,,,,,,,,
1,,S2512NH 800V 25A SCR,,,$1.95,AWA,$0.10,$0.10,9,,,,,,,,
10,,L7805CV 5V+ regulator,$1.50,5/07/2017,$0.14,eBay,$0.00,$0.00,9,,,,,,,,
1,,7812F 12V + regulator,,,,,$0.00,$0.00,10,,,,,,,,
25,,78L15,,,,,$0.90,$22.50,10,,,,,,,,
5,,7912 12V 1A negative,,,,,$1.34,$6.70,10,,,,,,,,
35,,L7815CV +15V 1A (in IC drawer),$3.50,,,Henlynn,$0.31,$10.85,10,,,,,,,,
,,,,,,,$0.00,$0.00,10,,,,,,,,
1,,LM317T 1.5A adjustable voltage,$3.50,12/10/2007,$2.91,T/T,$2.91,$2.91,10,,,,,,,,
2,,LM320T-15,,,,,$6.12,$12.24,10,,,,,,,,
4,,LM337SP,,,$0.95,Captron,$0.10,$0.40,10,,,,,,,,
18,,LM341T-15 LM78M15CT 15V + reg .5A,,,$1.46,,$0.50,$9.00,10,,,,,,,,
1,,LM350K 3A adjustable voltage,,,$10.66,,$1.00,$1.00,10,,,,,,,,
9,,LM78L15ACZ 15V 100mA,,,$0.94,,$0.20,$1.80,10,,,,,,,,
1,,UA78M,,,,,$1.20,$1.20,10,,,,,,,,
83,,MC7924CT -24V 1A,,,,,$0.01,$0.83,10,,,,,,,,
6,,LM2940CT-12 +12V,$4.80,20/01/2015,$1.15,eBay,$0.00,$0.00,10,,,,,,,,
20,,3mm red dome,,,,,$0.05,$1.00,20,,,,,,,,
141,,3mm red flat top,,,$0.48,,$0.00,$0.00,20,,,,,,,,
0,,,,,,,$0.00,$0.00,20,,,,,,,,
2,Z3237,5mm IR,,,,D/S,$1.60,$3.20,20,,,,,,,,
3,Z4089,5mm LED yellow,,,,D/S,$0.57,$1.71,20,,,,,,,,
6,LED5W-EHB,LED 5mm clear super bright 20-30mA,$3.50,6/01/2005,$1.87,T/T,$0.10,$0.60,20,,,,,,,,
3,,3mm green dome,,,,,$0.60,$1.80,20,,,,,,,,
2,,7 segment green dual numeral,,,$5.00,,$1.00,$2.00,20,,,,,,,,
3,,7 segment red large,,,$3.24,,$0.20,$0.60,20,,,,,,,,
8,,7 segment red small,,,$2.88,,$1.00,$8.00,20,,,,,,,,
1,,BPX43 IR photo detector,,,,,$8.57,$8.57,20,,,,,,,,
9,,IR square,,,$3.50,,$0.20,$1.80,20,,,,,,,,
9,,MAN6980 7 segment red,,,$3.26,Captron,$0.20,$1.80,20,,,,,,,,
44,,MIL52 5mm red,,,,,$0.10,$4.40,20,,,,,,,,
8,,NSL5056 5mm red,,,,,$0.42,$3.36,20,,,,,,,,
5,,OP161 photo,,,,,$1.68,$8.40,20,,,,,,,,
5,,OP240 photo,,,,,$1.68,$8.40,20,,,,,,,,
2,,PS4001 optocoupler,,,,,$4.07,$8.14,20,,,,,,,,
1,,rectangular green LED,,,,,$0.60,$0.60,20,,,,,,,,
3,,rectangular red LED,,,,,$0.60,$1.80,20,,,,,,,,
3,,socket 7 segment large,,,,,$1.00,$3.00,20,,,,,,,,
1,,SD5443 IR photo detector,,,,RS,$5.36,$5.36,20,,,,,,,,
7,H6770,2 way stereo speaker panel,,,,D/S,$1.93,$13.51,17,,,,,,,,
1,,4 pin chassis mic socket,,,,,$4.33,$4.33,17,,,,,,,,
1,,4 way rev adaptor,,,,,$3.50,$3.50,17,,,,,,,,
1,A832,adaptor RCA plug to BNC,,,,TESA,$4.15,$4.15,17,,,,,,,,
2,ANT277,coax skirt,,,,T/T,$1.80,$3.60,17,,,,,,,,
2,,edge connector 48 way,,,,Con Sys,$7.14,$14.28,17,,,,,,,,
1,,headphone socket mini Goldstar,,,,Rankine,$0.01,$0.01,17,,,,,,,,
10,,Female coax socket to F connector,,25/10/2017,$0.29,eBay,$0.00,$0.00,17,,,,,,,,
8,,Male coax plug to F connector,,25/10/2017,$0.26,eBay,$0.00,$0.00,17,,,,,,,,
13,,Screw on coax cable to F connector,,25/10/2017,$0.11,eBay,$0.00,$0.00,17,,,,,,,,
10,,F Type Female to Female Coax Barrel,,11/10/2017,$0.25,eBay,$0.00,$0.00,17,,,,,,,,
0,,9MM X 3.5mmX 1.3MM DC Power Jack Plug Shape/Right Angle,,8/03/2014,$0.46,eBay,$0.00,$0.00,17,,,,,,,,
5,,plug USB standard,$0.95,28/04/2018,$0.18,eBay,$0.00,$0.00,17,,,,,,,,
1,,plug 4 pin speaker,,,,,$0.85,$0.85,17,,,,,,,,
,PLG51,plug 5 pin Din 180 deg,,,$0.93,T/T,$0.40,$0.00,17,,,,,,,,
0,,DC camera male plug 4mm x 7mm. Has pin inside hole. ,$6.50,6/09/2014,$3.80,eBay,$0.00,$0.00,17,,,,,,,,
3,,DC camera female plug 4mm x 1.7mm. ,$4.50,11/09/2014,$1.59,eBay,$0.00,$0.00,17,,,,,,,,
4,,mini USB plug ,$1.00,15/01/2017,$0.22,eBay,$0.00,$0.00,17,,,,,,,,
1,,National stereo headphone socket,,,,,$3.01,$3.01,17,,,,,,,,
2,P85,plug cigarette lighter,,,,KJP,$0.60,$1.20,17,,,,,,,,
2,SKT11,plug coax chassis,,22/10/2003,,T/T,$1.88,$3.76,17,,,,,,,,
4,,plug std phone mono metal right-angled,,18/06/2018,$1.00,eBay,$0.00,$0.00,17,,,,,,,,
6,,plug DC 2.1mm long shaft,,2/02/2017,$0.14,eBay,$0.00,$0.00,17,,,,,,,,
3,,plug DC 5mmx9.5mm 1.1mm pin inside - Makita,$3.50,16/08/2015,$0.50,eBay,$0.00,$0.00,17,,,,,,,,
4,,plug DC 2.1mm x 5.5mm x 9mm (short shaft),$1.00,15/03/2018,$0.16,eBay,$0.00,$0.00,17,,,,,,,,
1,P1643,plug DC 1.3mm short,,,,D/S,$1.40,$1.40,17,,,,,,,,
6,,plug DC extra large hole short,,,,,$1.25,$7.50,17,,,,,,,,
4,,plug DC 2.5mm x 5.5mm x 14mm,,22/02/2014,$0.50,eBay,$0.00,$0.00,17,,,,,,,,
1,PLG76,plug mini stereo phone,,,,T/T,$0.81,$0.81,17,,,,,,,,
1,,mini mono switched socket,,,,,$1.65,$1.65,17,,,,,,,,
0,PLG30,plug RCA coax red,,15/10/2003,$0.53,T/T,$0.53,$0.00,17,,,,,,,,
7,,plug RCA coax no cover,,,,,$0.20,$1.40,17,,,,,,,,
1,PLG31,plug RCA coax black,,15/03/2012,$0.60,T/T,$0.60,$0.60,17,,,,,,,,
1,PLG46,plug standard mono phone metal,,,,T/T,$1.34,$1.34,17,,,,,,,,
2,,plug standard stereo plastic,,,,,$1.80,$3.60,17,,,,,,,,
0,P63L,plug mini stereo phone angle,,,,DJR,$0.56,$0.00,17,,,,,,,,
7,P568,plug 2 pin Din angle,,,,TESA,$0.95,$6.65,17,,,,,,,,
4,P3105,plug 2 pin Din line,,,,D/S,$0.80,$3.20,17,,,,,,,,
5,,plug standard mono phone metal with spring restraint,$1.80,24/05/2018,$0.57,eBay,$0.00,$0.00,17,,,,,,,,
3,,socket DC inline 2.1mm pre-wired,$1.20,17/03/2018,$0.30,eBay,$0.00,$0.00,17,,,,,,,,
3,,socket 2 pin Din chassis,,,,,$0.70,$2.10,17,,,,,,,,
10,SKT56,socket 2 pin Din line,,,,T/T,$0.45,$4.50,17,,,,,,,,
1,,socket 5 pin Din line 180 deg,,,,,$1.95,$1.95,17,,,,,,,,
9,,socket 5 pin Din chassis,,,,,$0.70,$6.30,17,,,,,,,,
7,,socket AC mains chassis,,,,,$1.70,$11.90,17,,,,,,,,
4,,socket BNC coax chassis,,,,,$2.35,$9.40,17,,,,,,,,
10,S66,socket car aerial chassis,,,,TESA,$0.68,$6.80,17,,,,,,,,
3,SKT10,socket coax chassis,,10/09/2009,,T/T,$1.88,$5.64,17,,,,,,,,
2,,socket DC Casio keyboard,,,,Monaco,$1.22,$2.44,17,,,,,,,,
1,,socket DC inline 2.1mm,,5/02/2014,$0.10,eBay,$0.00,$0.00,17,,,,,,,,
1,SKT78,socket DC inline 1.65mm,,18/10/2006,$2.50,T/T,$2.50,$2.50,17,,,,,,,,
1,P1655,socket DC line 2.5mm (SKT85 T/T),,,,D/S,$1.47,$1.47,17,,,,,,,,
4,,socket double line coax,,,,,$1.40,$5.60,17,,,,,,,,
1,HSJ202P,socket headphone mod plate Aiwa,,,,,$3.50,$3.50,17,,,,,,,,
2,SKT77,socket dc line submini,,1/11/2011,$2.50,T/T,$2.50,$5.00,17,,,,,,,,
6,,socket dc chassis mount 2.1mm (11mm chassis hole) takes 2.1mm x 5.5mm DC plug,$3.85,29/07/2016,$0.78,eBay,$0.00,$0.00,17,,,,,,,,
11,S48,socket phone mono metal,,,,TESA,$0.90,$9.90,17,,,,,,,,
8,,socket mini mono phone,,,,,$0.80,$6.40,17,,,,,,,,
2,,socket mini mono X3,,,,,$3.20,$6.40,17,,,,,,,,
6,S59,socket mini stereo line phone,,,,TESA,$1.49,$8.94,17,,,,,,,,
1,,socket mini stereo phone chassis,,,,,$1.05,$1.05,17,,,,,,,,
1,,socket mini stereo phone chassis metal,,,,DJR,$1.52,$1.52,17,,,,,,,,
2,,socket mini stereo phone switched pcb,,,,DJR,$0.81,$1.62,17,,,,,,,,
2,,socket mono plastic phone chassis,,,,,$1.10,$2.20,17,,,,,,,,
4,SKT31,socket RCA coax line black,,15/03/2012,$0.65,T/T,$0.65,$2.60,17,,,,,,,,
5,SKT20B,socket RCA coax chassis,,,,T/T,$0.89,$4.45,17,,,,,,,,
1,S53A,socket stereo phone chassis box,,,,TESA,$1.90,$1.90,17,,,,,,,,
1,P1231,socket mini phone stereo chassis switched,,,,D/S,$1.05,$1.05,17,,,,,,,,
9,,USB std PCB socket,$2.00,27/12/2019,$0.12,eBay,$0.00,$0.00,17,,,,,,,,
4,S53A,socket stereo chassis,,,,TESA,$3.45,$13.80,17,,,,,,,,
6,S12,socket 2 pin line,,,,DJR,$1.10,$6.60,17,,,,,,,,
1,,adapter standard stereo to mini socket,,,,,$2.00,$2.00,17,,,,,,,,
3,STUK-1,telephone plug,,,,,$0.64,$1.92,17,,,,,,,,
3,,plug 2 pin line,,,,,$0.00,$0.00,17,,,,,,,,
2,,7 pin aviation plug and socket,$5.00,30/04/2019,$2.50,eBay,$0.00,$0.00,17,,,,,,,,
7,,micro USB PCB socket,,18/01/2013,$0.30,eBay,$0.00,$0.00,17,,,,,,,,
77,,alloy splined,,,,,$0.10,$7.70,18,,,,,,,,
34,,aluminium splined,,,,,$0.10,$3.40,18,,,,,,,,
270,,black slider knob,,,,,$0.10,$27.00,18,,,,,,,,
7,,small black knob with white pointer,,2/06/2018,$0.15,eBay,$0.00,$0.00,18,,,,,,,,
2,,large black knob with white pointer and screw,,2/06/2018,$3.50,eBay,$0.00,$0.00,18,,,,,,,,
,,,,,,,$0.00,$0.00,18,,,,,,,,
51,,C150 cap,,,,,$0.10,$5.10,18,,,,,,,,
12,,C151 cap,,,,,$0.21,$2.52,18,,,,,,,,
11,,D153 figure dial,,,,,$0.64,$7.04,18,,,,,,,,
4,P7008,H3834 aluminium spline,,,,D/S,$1.29,$5.16,18,,,,,,,,
3,P7006,H3843 aluminium spline,,,,D/S,$1.28,$3.84,18,,,,,,,,
10,,KB1007 round PB,,,,,$0.30,$3.00,18,,,,,,,,
0,,,,,,,$0.00,$0.00,18,,,,,,,,
1,,large aluminium,,,,,$0.10,$0.10,18,,,,,,,,
20,,medium aluminium,,,,,$0.10,$2.00,18,,,,,,,,
20,,N150 nut cover,,,,,$0.23,$4.60,18,,,,,,,,
11,,N151 nut cover,,,,,$0.45,$4.95,18,,,,,,,,
10,,S150-006 knob,,,,,$1.24,$12.40,18,,,,,,,,
5,,S150-250 knob,,,,,$1.24,$6.20,18,,,,,,,,
20,,S151-006 knob,,,,,$1.42,$28.40,18,,,,,,,,
7,,S151-250 knob,,,,,$1.42,$9.94,18,,,,,,,,
20,,6 position rotary,,,,,$0.50,$10.00,19,,,,,,,,
1,,76700 Sanyo cass/radio,,,,,$0.01,$0.01,19,,,,,,,,
1,,AWA car stereo channel,,,,Radiola,$0.01,$0.01,19,,,,,,,,
3,,DIL (4),,,,Delphi,$1.61,$4.83,19,,,,,,,,
2,,DIL (8),,,,Delphi,$2.50,$5.00,19,,,,,,,,
1,P7674,DPDT mini toggle,,,,D/S,$2.64,$2.64,19,,,,,,,,
2,P7616,DPDT slide,,,,D/S,$1.47,$2.94,19,,,,,,,,
1,P7610,DPDT submin slide,,,,D/S,$1.56,$1.56,19,,,,,,,,
9,SW48,SPDT sub mini toggle,,5/12/2011,$2.87,T/T,$0.50,$4.50,19,,,,,,,,
2,,dual 3 position rotary PC mount,,,,,$3.20,$6.40,19,,,,,,,,
0,,,,,,,$0.00,$0.00,19,,,,,,,,
5,L5295,keyswitch small,,,$10.63,D/S,$1.00,$5.00,19,,,,,,,,
1,L5290,keyswitch large,,,,D/S,$9.21,$9.21,19,,,,,,,,
1,,mains push button,,,,,$2.35,$2.35,19,,,,,,,,
1,,mercury switch,,,,,$1.85,$1.85,19,,,,,,,,
0,,,,,,,$0.00,$0.00,19,,,,,,,,
0,,,,,,,$0.00,$0.00,19,,,,,,,,
13,S1198,push button mains,,,$2.01,D/S,$0.20,$2.60,19,,,,,,,,
0,,,,,,,$0.00,$0.00,19,,,,,,,,
0,,,,,,,$0.00,$0.00,19,,,,,,,,
0,,,,,,,$0.00,$0.00,19,,,,,,,,
1,,submin slide 3 position,,,,,$0.50,$0.50,19,,,,,,,,
0,,,,,,,$0.00,$0.00,19,,,,,,,,
1,SW151,reed switch,,,,,$1.89,$1.89,19,,,,,,,,
1,SW28,mains PCB non-remote contacts,,,,T/T,$7.13,$7.13,19,,,,,,,,
1,SW69,momentary push,,,,DJR,$3.09,$3.09,19,,,,,,,,
1,SW70,DIL (8),,,,DJR,$4.35,$4.35,19,,,,,,,,
2,,T-530 Sanyo cass/radio,,,,,$3.72,$7.44,19,,,,,,,,
,,,,,,,$0.00,$0.00,19,,,,,,,,
0,,,,,,,$0.00,$0.00,19,,,,,,,,
4,P7932,.5A mini fuse,,,,D/S,$0.11,$0.44,21,,,,,,,,
18,,.5A std fuse,,,$0.17,T/T,$0.14,$2.52,21,,,,,,,,
1,FA1A5,1.5A mini fuse,,,,T/T,$0.11,$0.11,21,,,,,,,,
30,S4465,1.5A std fuse,,,$0.18,D/S,$0.14,$4.20,21,,,,,,,,
7,,1.5A std slow blow fuse ,,,,T/T,$0.66,$4.62,21,,,,,,,,
2,P9340,100mA mini fuse,,,,D/S,$0.11,$0.22,21,,,,,,,,
1,AFB10,10A flat fuse,,,,T/T,$0.50,$0.50,21,,,,,,,,
2,P9354,10A mini fuse,,,,D/S,$0.11,$0.22,21,,,,,,,,
6,,10A std fuse,,,,D/S,$0.14,$0.84,21,,,,,,,,
10,P8152,bulb 12V .2A screw,,,,D/S,$0.00,$0.00,21,,,,,,,,
2,P8152,bulb 12V 50mA,,,,D/S,$0.00,$0.00,21,,,,,,,,
6,LSE12,bulb 12V lilliput,,,,KJP,$0.00,$0.00,21,,,,,,,,
8,VLG314/40,bulb 14V 3mm wired,,,,T/T,$0.00,$0.00,21,,,,,,,,
0,,,,,,,$0.00,$0.00,21,,,,,,,,
11,,1A mini fuse 5mm x 20mm,,7/01/2020,$0.11,eBay,$0.00,$0.00,21,,,,,,,,
10,,1A std fuse 6mm x 30mm,,23/05/2015,$0.11,eBay,$0.00,$0.00,21,,,,,,,,
0,,,,,,,$0.00,$0.00,21,,,,,,,,
2,ABF15,15A flat fuse,,,,,$0.50,$1.00,21,,,,,,,,
0,,,,,,,$0.00,$0.00,21,,,,,,,,
2,FB3,3A mini slow blow fuse,$1.50,23/11/2004,$0.66,T/T,$0.66,$1.32,21,,,,,,,,
0,,,,,,,$0.00,$0.00,21,,,,,,,,
0,,,,,,,$0.00,$0.00,21,,,,,,,,
4,,20A std fuse,,,,D/S,$0.14,$0.56,21,,,,,,,,
0,,,,,,,$0.00,$0.00,21,,,,,,,,
1,,250mA std fuse,,,$0.16,T/T,$0.14,$0.14,21,,,,,,,,
19,,2A mini fuse,,13/08/2018,$0.06,eBay,$0.00,$0.00,21,,,,,,,,
6,FB2,2A mini slow blow,,20/12/2004,$0.58,T/T,$0.58,$3.48,21,,,,,,,,
3,,2A std fuse,,,$0.17,D/S,$0.14,$0.42,21,,,,,,,,
2,,bulb 3.6V bayonet,,,,,$0.00,$0.00,21,,,,,,,,
4,FA3,3A mini fuse,,25/11/2003,$0.18,T/T,$0.11,$0.44,21,,,,,,,,
1,,3A std fuse,,,$0.17,T/T,$0.14,$0.14,21,,,,,,,,
3,,bulb 3V screw base,,,,,$0.00,$0.00,21,,,,,,,,
2,FN10,400mA protector,,,,T/T,$1.60,$3.20,21,,,,,,,,
0,,,,,,,$0.00,$0.00,21,,,,,,,,
5,FA4,4A mini fuse,,13/06/2009,$0.20,T/T,$0.11,$0.55,21,,,,,,,,
8,,4A std fuse,,,,T/T,$0.17,$1.36,21,,,,,,,,
3,AFB5,5A flat fuse,,,,T/T,$0.50,$1.50,21,,,,,,,,
4,FA5,5A mini fuse,,13/06/2009,$0.20,T/T,$0.11,$0.44,21,,,,,,,,
2,FB5,5A mini slow blow fuse,,,,T/T,$0.60,$1.20,21,,,,,,,,
1,FC5,5A std fuse,$0.60,23/11/2004,$0.17,T/T,$0.17,$1.32,21,,,,,,,,
3,,bulb 6V .38A std screw,,,,KJP,$0.00,$0.00,21,,,,,,,,
5,,bulb 6V .48A std screw,,,,KJP,$0.00,$0.00,21,,,,,,,,
14,TB6VB,bulb 6V bayonet .5A,,,,TESA,$0.00,$0.00,21,,,,,,,,
1,,bulb 6V mini screw,,,,,$0.00,$0.00,21,,,,,,,,
1,,HV discharge tube,,,$5.00,,$0.00,$0.00,21,,,,,,,,
5,L12,bulb 12V mini,,,,DJR,$0.00,$0.00,21,,,,,,,,
2,LP25,bulb 12V .1A,,,,,$0.00,$0.00,21,,,,,,,,
1,LP28,bulb 12V .3A bayonet,,,,,$0.00,$0.00,21,,,,,,,,
1,LT8,bulb 1.1V .3A,,,,,$0.00,$0.00,21,,,,,,,,
1,LT9,bulb 2.2V .25A,,,,,$0.00,$0.00,21,,,,,,,,
9,,mini lamp holder,,,,,$0.00,$0.00,21,,,,,,,,
5,,mini lamp bezel,,,,,$0.00,$0.00,21,,,,,,,,
1,,Nat F2 fuse,,,,,$0.00,$0.00,21,,,,,,,,
1,,Philips thermal fuse,,,,,$0.00,$0.00,21,,,,,,,,
2,P8050,red bezel,,,,D/S,$0.00,$0.00,21,,,,,,,,
,,,,,,,$0.00,$0.00,21,,,,,,,,
10,S3552,neon bezel,,,,,$0.50,$5.00,21,,,,,,,,
13,,fuse slow blow mini,,,,,$1.50,$19.50,21,,,,,,,,
3,,fuse slow blow std,,,,,$1.50,$4.50,21,,,,,,,,
100,,14 pin high profile,,,,,$0.10,$10.00,22,,,,,,,,
3,,14 pin low profile,,,,,$0.15,$0.45,22,,,,,,,,
86,,16 pin low profile,,,,,$0.15,$12.90,22,,,,,,,,
6,,18 pin low profile,,,,,$0.20,$1.20,22,,,,,,,,
4,,8 pin low profile,,,,,$0.05,$0.20,22,,,,,,,,
8,,28 pin low profile,$0.60,29/03/2017,$0.14,eBay,$0.00,$0.00,22,,,,,,,,
38,,3PC10 spacer,,,,HiQ,$0.09,$3.42,23,,,,,,,,
72,,3PC5 spacer,,,,HiQ,$0.09,$6.48,23,,,,,,,,
118,,3PC8 spacer,,,,HiQ,$0.09,$10.62,23,,,,,,,,
2,,bolt on rubber feet,,,,,$0.49,$0.98,23,,,,,,,,
2,H1932,cable gland 5-10mm,,,,D/S,$2.23,$4.46,23,,,,,,,,
1,P4850,connector strip large,,,,D/S,$2.11,$2.11,23,,,,,,,,
0,,,,,,,$0.00,$0.00,23,,,,,,,,
3,H1724,cord clamp round black,,,,D/S,$0.51,$1.53,23,,,,,,,,
39,H1712,grommet 7/32,,,,D/S,$0.14,$5.46,23,,,,,,,,
1,H1749,feet packet of 4,,,,D/S,$1.73,$1.73,23,,,,,,,,
6,HW3,grommet,,,,,$0.28,$1.68,23,,,,,,,,
22,,rubber feet medium,,,,,$0.49,$10.78,23,,,,,,,,
14,,nylon corner,,,,,$1.65,$23.10,23,,,,,,,,
1,,nylon handle,,,,,$7.70,$7.70,23,,,,,,,,
29,PBS7,PCB support,,,,,$0.10,$2.90,23,,,,,,,,
387,,porceln beads large,,,,,$0.01,$3.87,23,,,,,,,,
526,,porceln beads small,,,,,$0.01,$5.26,23,,,,,,,,
8,,rubber feet small,,,,,$0.49,$3.92,23,,,,,,,,
4,P4804,tag strip,,,,D/S,$0.90,$3.60,23,,,,,,,,
50,,cassette erase head,,,,,$0.00,$0.00,24,,,,,,,,
1,,GX reel to reel play head,,,,,$0.00,$0.00,24,,,,,,,,
1,,GX reel to reel record head,,,,,$0.00,$0.00,24,,,,,,,,
10,,cassette erase head mono sendust,,,,,$0.00,$0.00,24,,,,,,,,
1,,Pioneer XRP640 auto reverse head,,,,,$0.00,$0.00,24,,,,,,,,
1,,reel to reel Akai erase,,,,,$0.00,$0.00,24,,,,,,,,
1,,reel to reel erase,,,,,$0.00,$0.00,24,,,,,,,,
6,,reel to reel mono,,,,,$0.00,$0.00,24,,,,,,,,
1,,stereo cassette ferrite,,,,,$0.00,$0.00,24,,,,,,,,
1,,stereo cassette sendust,,,,,$0.00,$0.00,24,,,,,,,,
1,,2.25 inch 8 ohm speaker,,,,TESA,$2.00,$2.00,25,,,,,,,,
3,,2.5 inch 8 ohm speaker,,,,TESA,$2.00,$6.00,25,,,,,,,,
39,,25W assembled amp board,,,$18.00,,$0.10,$3.90,25,,,,,,,,
1,100P4,4 inch 2.5W round speaker,,,,Axent,$7.70,$7.70,25,,,,,,,,
1,,5 inch ext horn speaker 10 Watt,,,,TESA,$13.74,$13.74,25,,,,,,,,
14,,50W+ amp board,,,$19.94,,$1.00,$14.00,25,,,,,,,,
1,16F70P8,6 inch 8 ohm 10W speaker,,,,Axent,$14.29,$14.29,25,,,,,,,,
2,92P8,3.5 inch speaker,,,,Axent,$6.56,$13.12,25,,,,,,,,
1,KSN1038A,Piezo speaker,,,,,$15.00,$15.00,25,,,,,,,,
1,KSN1071A,Piezo speaker,,,$22.80,,$5.00,$5.00,25,,,,,,,,
0,,mic preamp board,,,,,$10.00,$0.00,25,,,,,,,,
0,,mixer boards incomplete,,,$74.64,,$0.01,$0.00,25,,,,,,,,
0,,mixer front panels,,,$65.00,,$0.01,$0.00,25,,,,,,,,
1,SEM39PS,siren 100dB piezo,,,,DJR,$12.95,$12.95,25,,,,,,,,
1,SK-54-8,8 inch 8 ohm 15 Watt speaker,,,$22.00,,$5.00,$5.00,25,,,,,,,,
1,SPK3-8,2.5 inch speaker,,,,,$5.00,$5.00,25,,,,,,,,
5,,speaker crossover board,,,,,$7.42,$37.10,25,,,,,,,,
1,,transformer 230-120V,,,,,$22.00,$22.00,26,,,,,,,,
4,,delay line 350ns,,,,,$0.00,$0.00,26,,,,,,,,
1,K3910,9V TV P/S reg K3910/K3911 (BL2710) module,,1/08/2005,$52.59,T/T,$0.00,$0.00,26,,,,,,,,
2,,saw filter 39.5 mHz,,,,,$0.00,$0.00,26,,,,,,,,
1,,delay line 400ns,,,,,$0.00,$0.00,26,,,,,,,,
19,,ring core 4C6,,,,,$0.43,$8.17,26,,,,,,,,
30,,ceramic filter 5.5 mHz,,,,,$0.00,$0.00,26,,,,,,,,
1,,crystal 78.61 mHz,,,,,$0.00,$0.00,26,,,,,,,,
11,,crystal 8.86723 mHz,,,,,$0.00,$0.00,26,,,,,,,,
1,,tuner Thorn 9200,,,,,$0.00,$0.00,26,,,,,,,,
1,,Akai transformer,,,$28.60,,$0.00,$0.00,26,,,,,,,,
2,,Akai cassette pinch roller,,,$2.50,,$0.00,$0.00,26,,,,,,,,
5,,aligator clip small black 28mm,,9/08/2016,$0.12,eBay,$0.00,$0.00,26,,,,,,,,
5,,aligator clip medium red 28mm,,9/08/2016,$0.12,eBay,$0.00,$0.00,26,,,,,,,,
1,CL85,aligator clip small black,,,,T/T,$0.30,$0.30,26,,,,,,,,
2,CL86,aligator clip medium red,,,,T/T,$0.40,$0.80,26,,,,,,,,
3,CL87,aligator clip medium black,,,,T/T,$0.40,$1.20,26,,,,,,,,
4,CL88,aligator clip large red,,,,T/T,$0.55,$2.20,26,,,,,,,,
4,CL89,aligator clip large black,,,,T/T,$0.55,$2.20,26,,,,,,,,
18,B50GER,E core 20x10x6,,,,Henlynn,$0.35,$6.30,26,,,,,,,,
17,,balun 020-31520,,,,,$0.22,$3.74,26,,,,,,,,
0,,,,,,,$0.00,$0.00,26,,,,,,,,
7,BH900,battery holder 4xAA,,,,KJP,$1.20,$8.40,26,,,,,,,,
3,,battery holder single C,,,,,$1.60,$4.80,26,,,,,,,,
8,BP1,plastic box 39x29,,,$1.32,,$0.10,$0.80,26,,,,,,,,
0,,,,,,,$0.00,$0.00,26,,,,,,,,
1,BB7,buzzer,,,$10.28,,$1.00,$1.00,26,,,,,,,,
9,CAR2010,bobbin 6 pin,,,,Henlynn,$0.45,$4.05,26,,,,,,,,
1,CDSPTB10,CD platter clip-on,,,$11.00,T/T,$0.00,$0.00,26,,,,,,,,
4,,chroma delay line,,,,,$0.00,$0.00,26,,,,,,,,
2,,Clarion pinch roller,,,,,$0.00,$0.00,26,,,,,,,,
7,,condenser mic,,,$2.50,,$0.50,$3.50,26,,,,,,,,
95,,core 6 hole -31500,,,,,$0.08,$7.60,26,,,,,,,,
1,,Pye LOPT CT102,,,,,$0.00,$0.00,26,,,,,,,,
1,,earphone,,,,,$0.00,$0.00,26,,,,,,,,
1,,Eddystone aluminium box,,,,,$11.00,$11.00,26,,,,,,,,
1,,ferrite rod,,,,,$0.00,$0.00,26,,,,,,,,
0,,,,,,,$0.00,$0.00,26,,,,,,,,
1,,fuseholder 30mm chassis,,11/09/2020,$1.00,eBay,$0.00,$0.00,26,,,,,,,,
100,,fuseholder mini PCB clips,,7/01/2020,$0.03,eBay,$0.00,$0.00,26,,,,,,,,
9,,fuseholder mini chassis,,10/09/2016,$0.27,eBay,$0.00,$0.00,26,,,,,,,,
1,H2446,plastic box 102x62,,,,D/S,$7.30,$7.30,26,,,,,,,,
2,H2742,aluminium box 150x103,,,,D/S,$6.36,$12.72,26,,,,,,,,
1,H2743,cabinet 150x134,,,$9.97,D/S,$1.00,$1.00,26,,,,,,,,
2,H2744,cabinet 185mm,,,$12.05,D/S,$1.00,$2.00,26,,,,,,,,
2,H2752,UB2 box 196mm,,,$6.11,D/S,$1.00,$2.00,26,,,,,,,,
0,,,,,,,$0.00,$0.00,26,,,,,,,,
1,H2849,plastic box with handle,,,,D/S,$13.30,$13.30,26,,,,,,,,
1,H2853,UB3 plastic box 130mm,,,,D/S,$4.50,$4.50,26,,,,,,,,
13,H2857,plastic box 88x54,,,$4.32,D/S,$0.10,$1.30,26,,,,,,,,
1,,horizontal linearity coil NEC,,,,Comital,$0.01,$0.01,26,,,,,,,,
1,K6043,video modulator,,,$12.23,D/S,$0.00,$0.00,26,,,,,,,,
9,L222,speaker choke,,,,,$0.05,$0.45,26,,,,,,,,
4,,large slugs,,,,,$0.01,$0.04,26,,,,,,,,
1,LOPT108,LOPT DCF1551,,,,T/T,$0.00,$0.00,26,,,,,,,,
,,,,,,,$0.00,$0.00,26,,,,,,,,
1,,LOPT NEC 14C10,,,,,$0.00,$0.00,26,,,,,,,,
0,,,,,,,$0.00,$0.00,26,,,,,,,,
1,,LOPT Philips KT2,,,,TESA,$0.00,$0.00,26,,,,,,,,
1,,LOPT Philips 20 GR1252,,,,,$0.00,$0.00,26,,,,,,,,
1,,LOPT Thorn TX9,,,,TESA,$0.00,$0.00,26,,,,,,,,
,,,,,,,$0.00,$0.00,26,,,,,,,,
52,,misc radio IF coil,,,,,$0.00,$0.00,26,,,,,,,,
11,,misc TV IF coil,,,,,$0.00,$0.00,26,,,,,,,,
8,,misc chokes,,,,,$0.00,$0.00,26,,,,,,,,
1,CM11,motor 6V CCW,,,,T/T,$0.00,$0.00,26,,,,,,,,
1,,motor clarion car stereo,,,$22.00,,$0.00,$0.00,26,,,,,,,,
1,RM14,motor reel Sharp + Philips,,,,T/T,$0.00,$0.00,26,,,,,,,,
1,,motor Sharp cassette,,,,,$0.00,$0.00,26,,,,,,,,
1,AM12VCW,motor adjustable 12V,,,,TESA,$0.00,$0.00,26,,,,,,,,
,,,,,,,$0.00,$0.00,26,,,,,,,,
1,,PEL P3 transformer bar type,,,$26.15,PEL,$1.00,$1.00,26,,,,,,,,
1,L7027,piezo 2 tone alarm 9-12V,,,,D/S,$9.21,$9.21,26,,,,,,,,
1,L7022,piezo transducer,,,,D/S,$3.20,$3.20,26,,,,,,,,
1,L7024,piezo buzzer,,,,D/S,$7.07,$7.07,26,,,,,,,,
1,L7009,piezo buzzer,,,,D/S,$3.52,$3.52,26,,,,,,,,
1,,pinch roller GF9191X,,,,,$0.00,$0.00,26,,,,,,,,
22,,pot core large,,,,,$0.00,$0.00,26,,,,,,,,
6,,pot core medium,,,,,$0.00,$0.00,26,,,,,,,,
3,,Pye drive transformer,,,,,$0.00,$0.00,26,,,,,,,,
10,,Pye E-W choke,,,,,$0.00,$0.00,26,,,,,,,,
9,,Pye horizontal linearity coil,,,,,$0.00,$0.00,26,,,,,,,,
2,,Pye horizontal coil,,,,,$0.00,$0.00,26,,,,,,,,
1,,Pye vertical O/P transformer,,,,,$0.00,$0.00,26,,,,,,,,
327,R62.3,board pin,,,,0.05,$0.01,$3.27,26,,,,,,,,
9,,relay SPDT 20V-30V - 943-1C-24D 943-1A-24DS 4 - used,,,$1.70,AliEx,$1.70,$15.30,26,,,,,,,,
2,,relay mini 24V 1A,,,,Philips,$5.43,$10.86,26,,,,,,,,
3,,Omron SS relay 12V 240Vac 2A,,28/05/2020,$1.25,eBay,$1.25,$3.75,26,,,,,,,,
1,P8017,relay 12V 10A,,,,D/S,$4.76,$4.76,26,,,,,,,,
2,,Sanyo battery spring,,,,Sanyo,$0.00,$0.00,26,,,,,,,,
9,,slug small,,,,,$0.00,$0.00,26,,,,,,,,
1,,Speedrite transformer,,,,,$5.78,$5.78,26,,,,,,,,
2,,speaker choke core,,,,,$0.00,$0.00,26,,,,,,,,
1,,capstan motor stator G20+H65,,,,,$0.00,$0.00,26,,,,,,,,
1,TD105,transformer 12V,,,,Coils,$11.70,$11.70,26,,,,,,,,
,,,,,,,$0.00,$0.00,26,,,,,,,,
,,,,,,,$0.00,$0.00,26,,,,,,,,
1,TD178A,transformer 24-0-24,,,$20.00,Coils,$5.00,$5.00,26,,,,,,,,
,,,,,,,$0.00,$0.00,26,,,,,,,,
3,TD464,transformer 40V ac 70VA,,,$24.97,Coils,$5.00,$15.00,26,,,,,,,,
1,TD560,transformer 13V dc,,,$10.50,Coils,$5.00,$5.00,26,,,,,,,,
1,,Technics turntable motor,,,,,$0.00,$0.00,26,,,,,,,,
,,,,,,,$0.00,$0.00,26,,,,,,,,
1,,TVC2 P/S switching transformer,,,,,$0.00,$0.00,26,,,,,,,,
,,,,,,,$0.00,$0.00,26,,,,,,,,
,,,,,,,$0.00,$0.00,26,,,,,,,,
,,,,,,,$0.00,$0.00,26,,,,,,,,
1,,VSX0140 G10 crystal,,,,F&P,$0.00,$0.00,26,,,,,,,,
,,,,,,,$0.00,$0.00,26,,,,,,,,
1,H2840,transformer 4.5-0-4.5,,,,D/S,$8.40,$8.40,26,,,,,,,,
1,,transformer PE5 output PEL,,,$18.39,PEL,$5.00,$5.00,26,,,,,,,,
1,,transformer drive PE6 PEL,,,$10.00,PEL,$10.00,$5.00,26,,,,,,,,
1,,transformer P/S NVFS100 Panasonic,,,$32.49,F&P,$0.00,$0.00,26,,,,,,,,
1,,100+400+16uF 300V,,,$7.13,,$1.00,$1.00,11,,,,,,,,
1,,100+50uF 200V can,,,$3.64,,$1.00,$1.00,11,,,,,,,,
83,,.1uF 50V 85 degrees,$0.10,20/08/2014,$0.04,eBay,$0.00,$0.00,11,,,,,,,,
8,,1000uF 25V 105deg,$1.35,28/08/2017,$0.11,eBay,$0.00,$0.00,11,,,,,,,,
1,,1000uF 63V can,,,$3.95,,$1.00,$1.00,11,,,,,,,,
27,,100uF 25V 105deg,$0.30,24/07/2014,$0.04,eBay,$0.00,$0.00,11,,,,,,,,
6,,1000uF 63V PC,,,$2.35,,$1.00,$6.00,11,,,,,,,,
2,,1uF 50V 105 degrees,$0.35,6/11/2015,$0.13,eBay,$0.00,$0.00,11,,,,,,,,
40,,10uF 450V 105deg,,29/05/2020,$0.15,AliEx,$0.15,$6.00,11,,,,,,,,
41,R4370,100uF 25V,,,$0.36,D/S,$0.05,$2.05,11,,,,,,,,
3,,10uF 450V 105deg,$2.55,18/06/2018,$0.25,eBay,$0.00,$0.00,11,,,,,,,,
1,,100uF 25V,,,,TESA,$0.28,$0.28,11,,,,,,,,
4,,1000uF 35V 105deg,$1.85,15/05/2017,$0.15,eBay,$0.00,$0.00,11,,,,,,,,
1,,100uF 160V can,,,,,$2.19,$2.19,11,,,,,,,,
,,,,,,,$0.00,$0.00,11,,,,,,,,
5,,100uF 450V 105deg,$6.50,14/11/2020,$1.40,AliEx,$0.00,$0.00,11,,,,,,,,
,,,,,,,$0.00,$0.00,11,,,,,,,,
15,,10uF 25V,,,,DJR,$0.06,$0.90,11,,,,,,,,
,,,,,,,$0.00,$0.00,11,,,,,,,,
2,C350C10,10uF 350V 105 deg,,10/09/2009,$1.52,T/T,$1.52,$3.04,11,,,,,,,,
9,,470uF 35V 105deg,$1.15,1/06/2019,$0.14,eBay,$0.00,$0.00,11,,,,,,,,
1,,150uF 200V can,,,,,$2.50,$2.50,11,,,,,,,,
20,,1uF 400V 105deg,$0.90,12/08/2016,$0.10,eBay,$0.00,$0.00,11,,,,,,,,
,,,,,,,$0.00,$0.00,11,,,,,,,,
1,,200+100+50uF,,,$8.50,,$1.00,$1.00,11,,,,,,,,
50,,220uF 25V 105deg,,19/11/2020,$0.06,AliEx,$0.06,$3.00,11,,,,,,,,
50,,220uF 16V 105deg,,10/11/2020,$0.04,AliEx,$0.04,$2.00,11,,,,,,,,
20,,220uF 25V 105deg,,10/11/2020,$0.07,AliEx,$0.07,$1.40,11,,,,,,,,
10,,220uF 63V 105deg,,10/11/2020,$0.20,AliEx,$0.20,$2.00,11,,,,,,,,
3,,220uF 16V PT,,,,,$0.30,$0.90,11,,,,,,,,
1,,220uF 63V 105deg,$1.15,23/05/2018,$0.38,eBay,$0.00,$0.00,11,,,,,,,,
,,,,,,,$0.00,$0.00,11,,,,,,,,
2,C250C22,22uF 250V 105deg,,10/09/2009,$1.89,T/T,$1.89,$3.78,11,,,,,,,,
8,,22uF 16V,,,,,$0.20,$1.60,11,,,,,,,,
1,C25C22,22uF 25V 105deg,$0.40,,,T/T,$0.41,$0.41,11,,,,,,,,
50,,22uF 25V 105deg,,19/11/2020,$0.02,AliEx,$0.02,$1.00,11,,,,,,,,
3,,100uF 16V 105deg,$0.35,,$0.14,,$0.14,$0.42,11,,,,,,,,
2,,22uF 63V,,,,,$0.12,$0.24,11,,,,,,,,
,,,,,,,$0.00,$0.00,11,,,,,,,,
1,,2.2uF 35V bi-polar,,,,,$0.45,$0.45,11,,,,,,,,
7,,2.2uF 350V,,,,T/T,$0.50,$3.50,11,,,,,,,,
2,,2.2uF 35V,,,,,$0.25,$0.50,11,,,,,,,,
,,,,,,,$0.00,$0.00,11,,,,,,,,
7,,2.2uF 50V,,,,,$0.20,$1.40,11,,,,,,,,
2,,22uF 450V 105deg,$2.95,17/05/2018,$0.40,eBay,$0.00,$0.00,11,,,,,,,,
90,,22uF 450V 105deg,,29/05/2020,$0.17,AliEx,$0.17,$15.30,11,,,,,,,,
10,,33uF 25V,,,,,$0.07,$0.70,11,,,,,,,,
96,,33uF 50V,,,$0.20,,$0.05,$4.80,11,,,,,,,,
,,,,,,,$0.00,$0.00,11,,,,,,,,
2,,3.3uF 35V bipolar,,,,,$0.55,$1.10,11,,,,,,,,
3,,3.3uF 35V bipolar PT,,,,,$0.75,$2.25,11,,,,,,,,
2,,3.3uF 50V,,,,,$0.09,$0.18,11,,,,,,,,
52,,3.3uF 50V bipolar,,,,,$0.16,$8.32,11,,,,,,,,
30,,47uF 450V 105deg,$3.90,22/10/2020,$0.49,AliEx,$0.49,$14.70,11,,,,,,,,
4,,2200uF 50V 105deg,$2.25,26/10/2017,$0.38,eBay,$0.00,$0.00,11,,,,,,,,
18,,47uF 450V 105deg,,11/07/2020,,AliEx,$0.00,$0.00,11,,,,,,,,
10,,47uF 450V 105deg,$3.90,8/01/2019,$0.77,eBay,$0.00,$0.00,11,,,,,,,,
,,,,,,,$0.00,$0.00,11,,,,,,,,
2,,470uF 16V PT,,,,,$0.35,$0.70,11,,,,,,,,
6,,470uF 63V,,,,Captron,$1.20,$7.20,11,,,,,,,,
39,,470uF 6.3V,,,,,$0.20,$7.80,11,,,,,,,,
15,,470uF 25V 105 deg,$0.90,19/09/2017,$0.09,eBay,$0.00,$0.00,11,,,,,,,,
2,,470uF 200V can,,,$4.50,,$1.00,$2.00,11,,,,,,,,
12,,470uF 16V,,,,DJR,$0.22,$2.64,11,,,,,,,,
4,,4700uF 16V 105 deg,$2.55,21/03/2014,$0.76,eBay,$0.00,$0.00,11,,,,,,,,
3,,47uF 16V,,,,,$0.20,$0.60,11,,,,,,,,
3,,100uF 50V 105 deg,$0.65,5/04/2019,$0.13,eBay,$0.00,$0.00,11,,,,,,,,
12,,47uF 25V 105deg,$0.30,11/02/2014,$0.10,eBay,$0.00,$0.00,11,,,,,,,,
32,,4.7uF 250V 85 degrees,,,,,$0.26,$8.32,11,,,,,,,,
6,,4.7uF 350V 85 degrees,,,,T/T,$0.81,$4.86,11,,,,,,,,
10,,470uF 63V 105 degrees,$1.45,3/05/2017,$0.19,eBay,$0.00,$0.00,11,,,,,,,,
71,,4.7uF 63V,,,,DJR,$0.06,$4.26,11,,,,,,,,
1,,6800uF 63V can,,,,,$6.47,$6.47,11,,,,,,,,
5,,1000uF 63V PC 105 deg,$3.25,1/10/2013,$1.00,eBay,$0.00,$0.00,11,,,,,,,,
1,,6.8uF 35V bipolar,,,,,$1.55,$1.55,11,,,,,,,,
15,,.47uF 630V dc,,,$1.74,Philips,$0.10,$1.50,12,,,,,,,,
16,,100nF misc,,,,,$0.20,$3.20,12,,,,,,,,
1,,100nF 400V mylar,,,,,$1.20,$1.20,12,,,,,,,,
2,,100nF 250V,,,,,$0.25,$0.50,12,,,,,,,,
100,,100nF 100V mylar,$0.28,11/07/2020,$0.05,AliExpress,$0.05,$5.00,12,,,,,,,,
35,,330nF 100V mylar,$0.60,7/07/2016,$0.10,eBay,$0.00,$0.00,12,,,,,,,,
7,,100pF ceramic,,,,,$0.15,$1.05,12,,,,,,,,
18,,100pF 500V ceramic,,,,,$0.18,$3.24,12,,,,,,,,
13,,10nF 160V polyester,,,,,$0.25,$3.25,12,,,,,,,,
38,,220nF 100V mylar,$0.60,15/07/2016,$0.08,eBay,$0.00,$0.00,12,,,,,,,,
8,,10nF 400V,,,,,$0.25,$2.00,12,,,,,,,,
40,,68nF 100V mylar,$0.50,11/07/2016,$0.10,eBay,$0.00,$0.00,12,,,,,,,,
85,,10nF ceramic,,,$0.15,,$0.05,$4.25,12,,,,,,,,
3,CPM10K,10nF,,,,DJR,$0.50,$1.50,12,,,,,,,,
15,,10nF misc,,,,,$0.15,$2.25,12,,,,,,,,
166,,10pF ceramic,,,$0.15,,$0.05,$8.30,12,,,,,,,,
3,,10uF 100V polyester,,,$3.50,,$0.50,$1.50,12,,,,,,,,
15,,3n3 250V polypropylene,,,$0.00,,$0.00,$0.00,12,,,,,,,,
1,,11uF 900V,,,$12.10,PEL,$1.00,$1.00,12,,,,,,,,
35,,120nF 100V mylar,,,,,$0.10,$3.50,12,,,,,,,,
92,,12nF 100V mylar,,,,,$0.10,$9.20,12,,,,,,,,
75,,12nF 50V mylar,,,,,$0.19,$14.25,12,,,,,,,,
19,,150nF 100V,,,,,$0.40,$7.60,12,,,,,,,,
124,,150pF mini plate,,,$0.05,,$0.05,$6.20,12,,,,,,,,
2,,150pF ceramic,,,,,$0.15,$0.30,12,,,,,,,,
1,,15nF 1.6kV polypropylene,,,,,$0.80,$0.80,12,,,,,,,,
65,,15nF 50V mylar,,,$0.20,,$0.05,$3.25,12,,,,,,,,
7,,160pF ceramic,,,,,$0.15,$1.05,12,,,,,,,,
13,,180nF 50V mylar,,,,,$0.48,$6.24,12,,,,,,,,
15,,180pF mini plate,,,,,$0.15,$2.25,12,,,,,,,,
11,,180pF ceramic,,,,,$0.15,$1.65,12,,,,,,,,
96,,18nF 100V mylar,,,$0.19,,$0.05,$4.80,12,,,,,,,,
18,,18pF ceramic plate,,,,,$0.15,$2.70,12,,,,,,,,
64,,1.2nF 100V mylar,,,,,$0.17,$10.88,12,,,,,,,,
5,,1.5nF 1.2kV polyester,,,,,$0.20,$1.00,12,,,,,,,,
5,,1.5nF 50V mylar,,,,,$0.20,$1.00,12,,,,,,,,
27,,1.5nF ceramic,,,,,$0.15,$4.05,12,,,,,,,,
2,,1.5nF misc,,,,,$0.15,$0.30,12,,,,,,,,
88,,1.8nF 100V mylar,,,,,$0.17,$14.96,12,,,,,,,,
,,,,,,,$0.00,$0.00,12,,,,,,,,
1,,1nF 50V mylar,,,,,$0.25,$0.25,12,,,,,,,,
116,,1nF 500V ceramic,,,,,$0.20,$23.20,12,,,,,,,,
186,,1nF ceramic,,,,,$0.15,$27.90,12,,,,,,,,
2,,1uF 250Vac,,,$3.80,Philips,$0.50,$1.00,12,,,,,,,,
14,,20pF ceramic,,,,,$0.15,$2.10,12,,,,,,,,
3,,4n7 250V polypropylene,,,$0.00,,$0.00,$0.00,12,,,,,,,,
8,,220nF 200V mylar,,,,,$0.40,$3.20,12,,,,,,,,
0,,220nF 50V mylar,,,,,$0.40,$0.00,12,,,,,,,,
5,,220nF 400V,,,,,$0.40,$2.00,12,,,,,,,,
1,,220nF 50V mylar,,,,,$0.40,$0.40,12,,,,,,,,
7,,47n 250V polypropylene,,,$0.00,,$0.00,$0.00,12,,,,,,,,
1,,220nF 250V polyester,,,,,$0.75,$0.75,12,,,,,,,,
1,,220nF 630V polyester,,,,,$0.75,$0.75,12,,,,,,,,
114,,220pF ceramic,,,$0.15,,$0.05,$5.70,12,,,,,,,,
53,,220pF 50V ceramic,,,,,$0.15,$7.95,12,,,,,,,,
2,C2KV220,220pF 2kV,,,$3.24,T/T,$0.50,$1.00,12,,,,,,,,
5,,20nF 1000V ceramic,,,$1.50,,$0.50,$2.50,12,,,,,,,,
7,,22nF 630V CBB21 Polypropylene Film x10 on 13/09/17,$0.85,28/08/2017,$0.15,eBay,$0.00,$0.00,12,,,,,,,,
13,,22nF misc,,,,,$0.15,$1.95,12,,,,,,,,
8,,22pF ceramic,,,,,$0.15,$1.20,12,,,,,,,,
6,,270nF 100V,,,$1.40,,$0.40,$2.40,12,,,,,,,,
1,,270nF 100V mylar,,,,,$1.20,$1.20,12,,,,,,,,
2,,270nF 100V polyester,,,,,$1.00,$2.00,12,,,,,,,,
96,,270nF 100V mylar,,,$0.33,,$0.05,$4.80,12,,,,,,,,
4,,270pF ceramic,,,,,$0.15,$0.60,12,,,,,,,,
49,,270pF ceramic plate - Philips,,,,,$0.08,$3.92,12,,,,,,,,
65,,27nF 100V mylar,,,,,$0.22,$14.30,12,,,,,,,,
197,,27pF ceramic,,,$0.15,,$0.05,$9.85,12,,,,,,,,
34,,27pF ceramic plate,,,,,$0.15,$5.10,12,,,,,,,,
3,,2.2nF 50V mylar,,,,,$0.20,$0.60,12,,,,,,,,
32,,2.2nF ceramic,,,,,$0.15,$4.80,12,,,,,,,,
2,,2.2nF misc,,,,,$0.15,$0.30,12,,,,,,,,
88,,2.7nF 100V mylar,,,,,$0.17,$14.96,12,,,,,,,,
32,,2.2pF ceramic plate,,,,,$0.15,$4.80,12,,,,,,,,
1,,2.5uF 250V PEL 9,,,,PEL,$4.71,$4.71,12,,,,,,,,
1,,2uF 500V electric fence unit,,,,,$7.00,$7.00,12,,,,,,,,
5,,32nF,,,,,$0.10,$0.50,12,,,,,,,,
8,,1nF 100V mylar,$0.25,28/08/2017,$0.04,eBay,$0.00,$0.00,12,,,,,,,,
1,,330nF 400V polyester,,,,,$0.85,$0.85,12,,,,,,,,
3,,330nF 50V mylar,,,,,$0.47,$1.41,12,,,,,,,,
5,,330pF ceramic,,,,,$0.15,$0.75,12,,,,,,,,
191,,330pF 50V ceramic,,,,,$0.04,$7.64,12,,,,,,,,
6,,33nF 100V mylar,,,,,$0.40,$2.40,12,,,,,,,,
3,,33nF 200V,,,,,$0.50,$1.50,12,,,,,,,,
3,,33nF 250V,,,,,$0.30,$0.90,12,,,,,,,,
5,,33nF 400V,,,,,$0.60,$3.00,12,,,,,,,,
3,,33nF 50V mylar,,,,,$0.30,$0.90,12,,,,,,,,
1,,33nF 600V,,,,,$0.70,$0.70,12,,,,,,,,
22,,33pF 50V ceramic,,,,DJR,$0.04,$0.88,12,,,,,,,,
17,,33pF ceramic plate,,,,,$0.15,$2.55,12,,,,,,,,
45,,33pF ceramic,,,,,$0.15,$6.75,12,,,,,,,,
48,,33pF ceramic plate,,,,,$0.25,$12.00,12,,,,,,,,
1,,390nF 160V polyester,,,,,$1.60,$1.60,12,,,,,,,,
8,,390nF 50V mylar,,,,,$0.48,$3.84,12,,,,,,,,
1,,390pF misc,,,,,$0.15,$0.15,12,,,,,,,,
12,,390pF ceramic,,,,,$0.15,$1.80,12,,,,,,,,
2,,39nF 50V mylar,,,,,$0.20,$0.40,12,,,,,,,,
86,,39nF 100V mylar,,,,,$0.24,$20.64,12,,,,,,,,
108,,39pF ceramic plate,,,,,$0.15,$16.20,12,,,,,,,,
51,,39pF ceramic,,,,,$0.15,$7.65,12,,,,,,,,
3,,3.3nF 1.2kV polyester,,,,,$0.25,$0.75,12,,,,,,,,
163,,3.3nF 50V mylar,,,,,$0.20,$32.60,12,,,,,,,,
21,,3.3nF ceramic,,,,,$0.15,$3.15,12,,,,,,,,
3,,3.9nF 50V mylar,,,,,$0.20,$0.60,12,,,,,,,,
4,,3.9nF 500V polyester,,,,,$0.25,$1.00,12,,,,,,,,
2,,3.9nF misc,,,,,$0.15,$0.30,12,,,,,,,,
6,,3.3pF ceramic,,,,,$0.15,$0.90,12,,,,,,,,
12,,3.9pF ceramic plate,,,,,$0.15,$1.80,12,,,,,,,,
18,,3.9pF mini plate,,,,,$0.15,$2.70,12,,,,,,,,
50,,4.7nF 100V mylar,$0.25,28/08/2017,$0.04,eBay,$0.00,$0.00,12,,,,,,,,
2,,470nF 100V,,,,,$0.55,$1.10,12,,,,,,,,
2,,470nF 250V polyester,,,,,$1.10,$2.20,12,,,,,,,,
3,,470nF 160V polyester,,,,,$1.10,$3.30,12,,,,,,,,
4,,470nF 400V polyester,,,,,$1.10,$4.40,12,,,,,,,,
1,,470nF 1.2kV polyester,,,,,$1.10,$1.10,12,,,,,,,,
1,,10nF 1000V Metallized Polypropylene Film,$3.50,18/07/2014,$0.95,eBay,$0.00,$0.00,12,,,,,,,,
1,,47nF 100V mylar,,,,,$0.20,$0.20,12,,,,,,,,
2,,47nF 250V,,,,,$0.25,$0.50,12,,,,,,,,
1,,47nF 200V polyester,,,,,$0.30,$0.30,12,,,,,,,,
8,,470nF 250V P15 Metallized Film Capacitor,$1.20,19/08/2014,$0.25,eBay,$0.00,$0.00,11,,,,,,,,
81,,47nF 50V mylar,,,,,$0.20,$16.20,12,,,,,,,,
41,,47nF misc,,,,,$0.15,$6.15,12,,,,,,,,
17,,47pF ceramic,,,,,$0.15,$2.55,12,,,,,,,,
14,,47pF misc,,,,,$0.15,$2.10,12,,,,,,,,
,,,,,,,$0.00,$0.00,12,,,,,,,,
2,,4.7nF 50V mylar,,,,,$0.20,$0.40,12,,,,,,,,
46,,4.7nF misc,,,,,$0.15,$6.90,12,,,,,,,,
6,,4.7pF 100V ceramic,,,,Elcoma,$0.16,$0.96,12,,,,,,,,
4,,4.7pF misc,,,,,$0.15,$0.60,12,,,,,,,,
1,,4.7uF 200V polyester,,,,,$3.10,$3.10,12,,,,,,,,
1,,4uF 250V electric fence unit,,,,,$8.00,$8.00,12,,,,,,,,
6,,470nF 100V P10 Metallized Film Capacitor,$0.85,19/08/2014,$0.25,eBay,$0.00,$0.00,12,,,,,,,,
18,,510nF 200V polypropylene,,,$2.30,,$0.50,$9.00,12,,,,,,,,
5,,510pF 160V polyester,,,,,$0.20,$1.00,12,,,,,,,,
37,,560pF 100V polyester,,,,,$0.20,$7.40,12,,,,,,,,
38,,560pF 50V ceramic,,,,,$0.06,$2.28,12,,,,,,,,
,,,,,,,$0.00,$0.00,12,,,,,,,,
1,,56nF 100V mylar,,,,D/S,$0.29,$0.29,12,,,,,,,,
4,,56nF 400V,,,,,$0.50,$2.00,12,,,,,,,,
2,,2.2nF 630V CBB13 P10 Metallized Film Capacitor,$1.40,22/04/2016,$0.29,eBay,$0.00,$0.00,12,,,,,,,,
8,,56pF ceramic,,,,,$0.15,$1.20,12,,,,,,,,
6,,270pF 500V silver mica,$3.40,17/12/2014,$0.95,eBay,$0.00,$0.00,12,,,,,,,,
35,,5.6nF 50V mylar,,,,,$0.10,$3.50,12,,,,,,,,
6,,5.6nF misc,,,,,$0.15,$0.90,12,,,,,,,,
,,,,,,,$0.00,$0.00,12,,,,,,,,
7,,680nF 100V,,,$2.00,,$0.50,$3.50,12,,,,,,,,
0,,1nF 630V CBB Metallized Film Capacitor,$1.20,27/04/2016,$0.28,eBay,$0.00,$0.00,12,,,,,,,,
79,,680nF 100V Wima,,,,,$0.34,$26.86,12,,,,,,,,
2,,680nF 200V polypropylene,,,,,$2.50,$5.00,12,,,,,,,,
10,,680pF ceramic,,,,,$0.25,$2.50,12,,,,,,,,
5,,68nF 100V mylar,,,,,$0.20,$1.00,12,,,,,,,,
2,,680nF 630V Metallized polypropylene film,$3.20,8/06/2016,$0.31,eBay,$0.00,$0.00,12,,,,,,,,
,,,,,,,$0.00,$0.00,12,,,,,,,,
4,,68nF misc,,,,,$0.15,$0.60,12,,,,,,,,
24,,68pF ceramic,,,,,$0.15,$3.60,12,,,,,,,,
,,,,,,,$0.00,$0.00,12,,,,,,,,
55,,6.8nF 50V mylar,,,,,$0.11,$6.05,12,,,,,,,,
,,,,,,,$0.00,$0.00,12,,,,,,,,
39,,6.8nF ceramic,,,,,$0.15,$5.85,12,,,,,,,,
6,,6.8pF ceramic plate,,,,,$0.15,$0.90,12,,,,,,,,
6,,6.8pF ceramic,,,,,$0.15,$0.90,12,,,,,,,,
39,,82nF 50V mylar,,,,,$0.15,$5.85,12,,,,,,,,
9,,82pF ceramic,,,,,$0.15,$1.35,12,,,,,,,,
43,,82pF mini plate,,,,,$0.15,$6.45,12,,,,,,,,
2,,8.2nF 1.5kV polypropylene,,,,,$0.80,$1.60,12,,,,,,,,
11,,8.5nF 2kV,,,$0.50,,$0.20,$2.20,12,,,,,,,,
24,,8.2pF ceramic plate,,,,,$0.15,$3.60,12,,,,,,,,
1,,alternator filter,,,,,$6.00,$6.00,12,,,,,,,,
,,,,,,,$0.00,$0.00,15,,,,,,,,
2,,3 gang tuning,,,$7.50,,$0.10,$0.20,15,,,,,,,,
3,,C.R. trim cap,,,$1.30,,$0.01,$0.03,15,,,,,,,,
6,,T.R. tuning gang,,,$2.00,,$0.05,$0.30,15,,,,,,,,
8,,.75 ohm 1/4 watt,,,,,$0.02,$0.16,13,,,,,,,,
171,,0 ohm 1/4 watt,,,,,$0.02,$3.42,13,,,,,,,,
54,,1.2 ohm 1/4 watt,,,,DJR,$0.09,$4.86,13,,,,,,,,
952,,1.2 ohm 1/4 watt,,,,,$0.01,$9.52,13,,,,,,,,
452,,10 ohm 1/4 watt,,,,,$0.02,$9.04,13,,,,,,,,
20,,100 ohm 1/4 watt,,,,,$0.02,$0.40,13,,,,,,,,
5,RMFB1000F,100 ohm .4 watt metal,,8/08/2011,$0.18,T/T,$0.18,$0.90,13,,,,,,,,
19,,100k ohm 1/4 watt,,,,,$0.02,$0.38,13,,,,,,,,
0,,10k ohm 1/4 watt metal,,2/08/2017,$0.01,eBay,$0.00,$0.00,13,,,,,,,,
8,,10m ohm 1/4 watt,,,,,$0.02,$0.16,13,,,,,,,,
5,,12 ohm 1/4 watt,,,,,$0.02,$0.10,13,,,,,,,,
100,,100k ohm 1/4W metal,,14/11/2020,$0.02,AliExpress,$0.00,$0.00,13,,,,,,,,
35,,120k ohm 1/4 watt,,,,,$0.02,$0.70,13,,,,,,,,
130,,12k ohm 1/4 watt,,,,,$0.02,$2.60,13,,,,,,,,
100,,15 ohm 1/4 watt,,7/04/2020,,eBay,$0.02,$2.00,13,,,,,,,,
68,,150 ohm 1/4 watt metal,,5/06/2013,$0.02,eBay,$0.00,$0.00,13,,,,,,,,
63,,150k ohm 1/4 watt,,,,,$0.02,$1.26,13,,,,,,,,
204,,15k ohm 1/4 watt metal,,7/04/2020,$0.02,eBay,$0.00,$0.00,13,,,,,,,,
,,,,,,,$0.00,$0.00,13,,,,,,,,
82,,100k ohm 1/8W 1% metal,,,,,$0.00,$0.00,13,,,,,,,,
29,,180k ohm 1/4 watt,,,,,$0.02,$0.58,13,,,,,,,,
48,,18k ohm 1/4 watt,,,,,$0.02,$0.96,13,,,,,,,,
133,,100 ohm 1/4 watt metal 1%,,22/02/2014,$0.02,eBay,$0.00,$0.00,13,,,,,,,,
80,,1k ohm 1/4 watt metal,,11/06/2016,$0.02,eBay,$0.00,$0.00,13,,,,,,,,
41,,1.2k ohm 1/4 watt,,,,,$0.02,$0.82,13,,,,,,,,
58,,1.5k ohm 1/4 watt metal,,6/03/2017,$0.02,eBay,$0.00,$0.00,13,,,,,,,,
50,,1.8k ohm 1/4 watt,,,,,$0.02,$1.00,13,,,,,,,,
55,,3.3m 1/4W,,6/01/2016,$0.02,eBay,$0.00,$0.00,13,,,,,,,,
879,,1.1m ohm 1/4 watt,,,,,$0.01,$8.79,13,,,,,,,,
20,,1.2m ohm 1/4 watt,,,,,$0.02,$0.40,13,,,,,,,,
"1,000",,1.5m ohm 1/3 watt metal,,,,,$0.02,$20.00,13,,,,,,,,
50,,1.5m ohm 1/4 watt,,,,,$0.02,$1.00,13,,,,,,,,
179,,1.8m ohm 1/4 watt,,,,,$0.02,$3.58,13,,,,,,,,
100,,2.2 ohm 1/4W metal,,7/04/2020,,eBay,$0.02,$2.00,13,,,,,,,,
100,,27 ohm 1/4W metal,,7/04/2020,,eBay,$0.02,$2.00,13,,,,,,,,
160,,20k ohm 1/4 watt,,,,,$0.02,$3.20,13,,,,,,,,
97,,22 ohm 1/4 watt,,,,,$0.02,$1.94,13,,,,,,,,
760,,220k ohm 1/4 watt,,,,,$0.01,$7.60,13,,,,,,,,
4,,22k ohm 1/4 watt,,,,,$0.02,$0.08,13,,,,,,,,
150,,22k ohm 1/4 watt metal,,10/11/2015,$0.02,eBay,$0.00,$0.00,13,,,,,,,,
,,,,,,,$0.02,$0.00,13,,,,,,,,
69,,220 ohm 1/4 watt metal,,7/04/2020,,eBay,$0.00,$0.00,13,,,,,,,,
762,,270 ohm 1/4 watt,,,,,$0.02,$15.24,13,,,,,,,,
15,,270k ohm 1/4 watt,,,,,$0.02,$0.30,13,,,,,,,,
917,,27k ohm 1/4 watt,,,,,$0.01,$9.17,13,,,,,,,,
36,,27k ohm 1/4 watt metal,,,,,$0.02,$0.72,13,,,,,,,,
5,,18 ohm 1/4 watt,,,,,$0.02,$0.10,13,,,,,,,,
8,,2.2k ohm 1/4 watt,,,,,$0.02,$0.16,13,,,,,,,,
44,,2.4k ohm 1/4 watt,,,,,$0.02,$0.88,13,,,,,,,,
188,,2.7k ohm 1/4 watt,,,,,$0.02,$3.76,13,,,,,,,,
45,,2.2m ohm 1/4 watt,,,,,$0.02,$0.90,13,,,,,,,,
100,,270k ohm 1/4 watt metal,,11/06/2016,$0.02,eBay,$0.00,$0.00,13,,,,,,,,
180,,30k ohm 1/4 watt,,,,,$0.02,$3.60,13,,,,,,,,
0,,33 ohm 1/4 watt metal,,,,eBay,$0.00,$0.00,13,,,,,,,,
80,,330 ohm 1/4 watt metal,,22/11/2018,,eBay,$0.00,$0.00,13,,,,,,,,
2,,330k ohm 1/4 watt metal,,,,,$0.02,$0.04,13,,,,,,,,
106,,330k ohm 1/4 watt,,,,,$0.02,$2.12,13,,,,,,,,
199,,330k ohm 1/4 watt,,,,,$0.02,$3.98,13,,,,,,,,
18,,33k ohm 1/4 watt,,,,,$0.02,$0.36,13,,,,,,,,
"1,783",,33k ohm 1/4 watt metal,,,,,$0.02,$35.66,13,,,,,,,,
89,,36k ohm 1/4 watt,,,,,$0.02,$1.78,13,,,,,,,,
80,,39 ohm 1/4 watt metal,,6/09/2014,$0.02,eBay,$0.00,$0.00,13,,,,,,,,
84,,390 ohm 1/4 watt metal,,19/11/2015,$0.02,eBay,$0.00,$0.00,13,,,,,,,,
16,,390k ohm 1/4 watt,,,,,$0.02,$0.32,13,,,,,,,,
962,,39k ohm 1/4 watt,,,,,$0.01,$9.62,13,,,,,,,,
61,,3.3k ohm 1/4 watt,,,,,$0.02,$1.22,13,,,,,,,,
840,,3.3k ohm 1/4 watt,,,,,$0.02,$16.80,13,,,,,,,,
74,,3.9k ohm 1/4 watt (some used),,,,,$0.02,$1.48,13,,,,,,,,
12,,4.7 ohm 1/4 watt,,,,,$0.02,$0.24,13,,,,,,,,
7,,47 ohm 1/4 watt,,,,,$0.02,$0.14,13,,,,,,,,
461,,470 ohm 1/4 watt,,,,,$0.01,$4.61,13,,,,,,,,
197,,470k ohm 1/4 watt metal,$0.05,4/11/2015,$0.02,eBay,$0.00,$0.00,13,,,,,,,,
329,,47k ohm 1/3 watt metal,,,,,$0.02,$6.58,13,,,,,,,,
198,,4.3k ohm 1/4 watt,,,,,$0.02,$3.96,13,,,,,,,,
149,,4.7k ohm 1/4 watt metal,,10/11/2015,$0.02,eBay,$0.00,$0.00,13,,,,,,,,
7,R1164,4.7m ohm 1/4 watt,,,,D/S,$0.08,$0.56,13,,,,,,,,
8,,5.6 ohm 1/4 watt,,,,,$0.02,$0.16,13,,,,,,,,
103,,510 ohm 1/4 watt,,,,,$0.02,$2.06,13,,,,,,,,
180,,510k ohm 1/4 watt,,,,,$0.02,$3.60,13,,,,,,,,
3,,56 ohm 1/4 watt,,,,,$0.02,$0.06,13,,,,,,,,
73,,56 ohm 1/4 watt metal,,12/02/2014,$0.02,eBay,$0.00,$0.00,13,,,,,,,,
100,,1.2k 1/4 watt metal,,24/04/2019,$0.02,eBay,$0.00,$0.00,13,,,,,,,,
409,,560k ohm 1/4 watt,,,,,$0.02,$8.18,13,,,,,,,,
8,,56k ohm 1/4 watt,,,,,$0.02,$0.16,13,,,,,,,,
76,,56k ohm 1/4 watt metal,,,,,$0.02,$1.52,13,,,,,,,,
188,,5.1k ohm 1/4 watt,,,,,$0.02,$3.76,13,,,,,,,,
40,,5.6k ohm 1/4 watt metal,,31/12/2014,$0.02,eBay,$0.00,$0.00,13,,,,,,,,
950,,5.1m ohm 1/4 watt,,,,,$0.01,$9.50,13,,,,,,,,
1,,5.6m ohm 1/4 watt,,,,,$0.02,$0.02,13,,,,,,,,
200,,620k ohm 1/4 watt,,,,,$0.02,$4.00,13,,,,,,,,
80,,68.1 ohm metal   1/4 watt,,15/02/2014,$0.02,eBay,$0.00,$0.00,13,,,,,,,,
11,,680 ohm 1/4 watt - some used,,,,,$0.02,$0.22,13,,,,,,,,
,,,,,,,$0.00,$0.00,13,,,,,,,,
97,,680k ohm 1/4 watt metal,,,,,$0.02,$1.94,13,,,,,,,,
8,,680k ohm 1/4 watt,,,,,$0.02,$0.16,13,,,,,,,,
53,,68k ohm 1/4 watt,,,,,$0.02,$1.06,13,,,,,,,,
66,,68k ohm 1/4 watt metal,,,,,$0.02,$1.32,13,,,,,,,,
103,,6.8k ohm 1/4 watt,,,,,$0.02,$2.06,13,,,,,,,,
860,,6.8k ohm 1/4 watt,,,,,$0.02,$17.20,13,,,,,,,,
100,,75 ohm 1/4 watt metal,,2/06/2017,$0.02,eBay,$0.00,$0.00,13,,,,,,,,
373,,750 ohm 1/4 watt,,,,,$0.02,$7.46,13,,,,,,,,
199,,750k ohm 1/4 watt,,,,,$0.02,$3.98,13,,,,,,,,
2,,75k ohm 1/4 watt,,,,,$0.02,$0.04,13,,,,,,,,
180,,75k ohm 1/4 watt,,,,,$0.02,$3.60,13,,,,,,,,
176,,7.5k ohm 1/4 watt,,,,,$0.02,$3.52,13,,,,,,,,
692,,82 ohm 1/4 watt,,,,,$0.02,$13.84,13,,,,,,,,
869,,820 ohm 1/4 watt,,,,,$0.02,$17.38,13,,,,,,,,
10,,820k ohm 1/4 watt,,,,,$0.02,$0.20,13,,,,,,,,
67,,82k ohm 1/4 watt,,,,,$0.02,$1.34,13,,,,,,,,
23,,82k ohm 1/4 watt metal,,,,,$0.02,$0.46,13,,,,,,,,
74,,8.2k ohm 1/4 watt,,,,,$0.02,$1.48,13,,,,,,,,
879,,8.2k ohm 1/4 watt,,,,,$0.02,$17.58,13,,,,,,,,
72,,8.2m ohm 1/4 watt,,,,,$0.02,$1.44,13,,,,,,,,
1,,.1 ohm 5 watt,,,,Elcoma,$0.47,$0.47,14,,,,,,,,
20,,20 ohm 2W metal,,1/07/2019,$0.10,eBay,$0.00,$0.00,14,,,,,,,,
0,,1k 1/2 watt - bulk older - see IC containers,,,,,$0.00,$0.00,14,,,,,,,,
10,,200 ohm 3W carbon,,1/07/2019,$0.11,eBay,$0.00,$0.00,14,,,,,,,,
36,,.27 ohm 1 watt,,,,,$0.35,$12.60,14,,,,,,,,
25,,.47 ohm 5 watt,,,,,$0.35,$8.75,14,,,,,,,,
10,,.68 ohm 5 watt,,,,,$0.35,$3.50,14,,,,,,,,
2,,.68 ohm 4 watt,,,,,$0.35,$0.70,14,,,,,,,,
19,,20 ohm 3W metal,,1/07/2019,$0.10,eBay,$0.00,$0.00,14,,,,,,,,
5,,.75 ohm 1 watt,,,,,$0.17,$0.85,14,,,,,,,,
,,10 ohm 1/2 watt - old - see drawer,,,,,$0.00,$0.00,14,,,,,,,,
11,,10 ohm 2 watt,,,,,$0.35,$3.85,14,,,,,,,,
26,,100k 3W metal,$0.55,6/08/2016,$0.09,eBay,$0.00,$0.00,14,,,,,,,,
1,,10 ohm 1 watt,,,,,$0.17,$0.17,14,,,,,,,,
88,,10 ohm 1/2 watt,,,,,$0.06,$5.28,14,,,,,,,,
31,,100 ohm 1W metal,$0.40,31/08/2016,$0.04,eBay,$0.00,$0.00,14,,,,,,,,
3,,100k ohm 2 watt metal,,,,TDON,$0.65,$1.95,14,,,,,,,,
5,,100k ohm 1/2 watt metal,,,,,$0.16,$0.80,14,,,,,,,,
16,,10k ohm 1/2 watt,,,,,$0.06,$0.96,14,,,,,,,,
4,,10k ohm 1 watt,,,,,$0.17,$0.68,14,,,,,,,,
2,,10k ohm 7 watt,,,,,$0.65,$1.30,14,,,,,,,,
6,,10m ohm 1/2 watt,,,,,$0.06,$0.36,14,,,,,,,,
507,,120 ohm 1/2 watt - bulk older - see IC containers,,,$0.06,,$0.02,$10.14,14,,,,,,,,
,,,,,,,,$0.00,14,,,,,,,,
47,,120k ohm 1/2 watt,,,,,$0.06,$2.82,14,,,,,,,,
1,,12k ohm 1 watt,,,,,$0.15,$0.15,14,,,,,,,,
50,,12k ohm 2 watt,,,,,$0.25,$12.50,14,,,,,,,,
3,,12m ohm focus,,,$3.03,,$0.05,$0.15,14,,,,,,,,
12,,150 ohm 1 watt,,,,D/S,$0.22,$2.64,14,,,,,,,,
61,,150 ohm 1/2 watt,,,,,$0.16,$9.76,14,,,,,,,,
7,,150k ohm 1 watt metal small,,,,TESA,$0.28,$1.96,14,,,,,,,,
2,,150k ohm 1/2 watt,,,,,$0.06,$0.12,14,,,,,,,,
2,,15k ohm 5 watt ceramic,$0.70,9/08/2016,$0.30,eBay,$0.00,$0.00,14,,,,,,,,
77,,15m ohm 1/2 watt,,,,,$0.06,$4.62,14,,,,,,,,
2,,16m ohm 2W metal focus,,,,T/T,$0.85,$1.70,14,,,,,,,,
6,,180 ohm 1/2 watt,,,,,$0.06,$0.36,14,,,,,,,,
103,,180 ohm 2 watt,,,$0.25,,$0.05,$5.15,14,,,,,,,,
8,,180k ohm 1/2 watt,,,,,$0.06,$0.48,14,,,,,,,,
30,,180k ohm 1/2 watt,,,,,$0.06,$1.80,14,,,,,,,,
46,,1k metal film 1W small size,$0.40,,$0.24,TESA,$0.24,$11.04,14,,,,,,,,
1,,18k ohm 1/2 watt metal,,,,,$0.16,$0.16,14,,,,,,,,
4,,18m ohm 2W metal focus,,,$1.00,TESA,$0.20,$0.80,14,,,,,,,,
41,,150 ohm 1W metal,,,,,$0.00,$0.00,14,,,,,,,,
6,,1k ohm 1 watt,,,,,$0.17,$1.02,14,,,,,,,,
2,,1.8k ohm 1/2 watt,,,,,$0.06,$0.12,14,,,,,,,,
0,,22k 5W ceramic,,,$0.25,eBay,$0.00,$0.00,14,,,,,,,,
11,,1m ohm 1 watt,,,,,$0.17,$1.87,14,,,,,,,,
99,,1.5m ohm 1/2 watt,,,,,$0.06,$5.94,14,,,,,,,,
5,,1.5m ohm 1/2 watt,,,,,$0.06,$0.30,14,,,,,,,,
3,,2.2 ohm 2 watt,,,,,$0.25,$0.75,14,,,,,,,,
2,,2.7 ohm 2 watt,,,,,$0.25,$0.50,14,,,,,,,,
6,,27 ohm 10 watt,$5.00,29/03/2017,$0.70,eBay,$0.00,$0.00,14,,,,,,,,
3,,220 ohm 10 watt,,,,,$0.74,$2.22,14,,,,,,,,
5,,220k ohm 1/2 watt,,,,,$0.06,$0.30,14,,,,,,,,
34,,220k ohm 1 watt metal,,,,,$0.25,$8.50,14,,,,,,,,
1,,22k ohm 1/2 watt metal,,,,,$0.16,$0.16,14,,,,,,,,
8,,22k ohm 1/2 watt,,,,,$0.06,$0.48,14,,,,,,,,
6,,22k ohm 7 watt,,,,,$0.65,$3.90,14,,,,,,,,
144,,22k ohm 2 watt,,,,,$0.25,$36.00,14,,,,,,,,
6,,270 ohm 1/2 watt,,,,,$0.06,$0.36,14,,,,,,,,
56,,270 ohm 2 watt,,,,,$0.25,$14.00,14,,,,,,,,
4,,270 ohm 1 watt,,,,,$0.17,$0.68,14,,,,,,,,
6,,270 ohm 1/2 watt,,,,,$0.06,$0.36,14,,,,,,,,
2,R1534,270k ohm 1 watt carbon,,,,D/S,$0.18,$0.36,14,,,,,,,,
6,,270k ohm 1/2 watt,,,,,$0.06,$0.36,14,,,,,,,,
3,,27k ohm 1 watt,,,,,$0.17,$0.51,14,,,,,,,,
1,,27k ohm 1/2 watt,,,,,$0.06,$0.06,14,,,,,,,,
4,,2.2k ohm 7 watt (used),,,,,$0.65,$2.60,14,,,,,,,,
3,,2.7k ohm 1/2 watt,,,,,$0.06,$0.18,14,,,,,,,,
16,,2.7k ohm 4 watt,,,,,$0.35,$5.60,14,,,,,,,,
4,,2.7k ohm 5 watt,,,,,$0.35,$1.40,14,,,,,,,,
1,,2.7k ohm 7 watt,,,,,$0.65,$0.65,14,,,,,,,,
18,,2.7k ohm 2 watt,,,,,$0.25,$4.50,14,,,,,,,,
3,,2.2m ohm 2W metal focus,,,,TESA,$0.74,$2.22,14,,,,,,,,
20,,2.2m ohm 1/2 watt,,,,,$0.06,$1.20,14,,,,,,,,
1,,2.2m ohm 2 watt,,,,,$0.65,$0.65,14,,,,,,,,
5,,3.3 ohm 2 watt (mostly used),,,,,$0.35,$1.75,14,,,,,,,,
5,,200 ohm 5W carbon film,,,$0.60,eBay,$0.00,$0.00,14,,,,,,,,
2,,3.3 ohm 1 watt,,,,,$0.17,$0.34,14,,,,,,,,
2,,30m ohm focus,,,$1.81,,$0.20,$0.40,14,,,,,,,,
1,R2W-33E,33 ohm 2 watt,,,,TESA,$0.49,$0.49,14,,,,,,,,
,,,,,,,$0.00,$0.00,14,,,,,,,,
72,,330 ohm 2 watt,,,,,$0.25,$18.00,14,,,,,,,,
6,,330k ohm 2 watt,,,,TDON,$0.45,$2.70,14,,,,,,,,
1,,330k ohm 1 watt metal,,,,,$0.16,$0.16,14,,,,,,,,
7,,330k ohm 2 watt,,,,,$0.25,$1.75,14,,,,,,,,
6,,3m3 0.67W,,,$0.00,,$0.00,$0.00,14,,,,,,,,
1,,33k ohm 7 watt,,,,,$0.65,$0.65,14,,,,,,,,
5,,390 ohm 1/2 watt,,,,,$0.06,$0.30,14,,,,,,,,
4,,390k ohm 2 watt metal,,,,TDON,$0.45,$1.80,14,,,,,,,,
,,33k 1/2 watt - bulk older - see IC containers,,,,,,$0.00,14,,,,,,,,
40,,3.3k ohm 1 watt,,,,,$0.16,$6.40,14,,,,,,,,
,,,,,,,$0.00,$0.00,14,,,,,,,,
1,,3.3k ohm 7 watt,,,,,$0.65,$0.65,14,,,,,,,,
1,,3.9k ohm 1/2 watt metal,,,,,$0.16,$0.16,14,,,,,,,,
10,,3.9k ohm 1/2 watt,,,,,$0.06,$0.60,14,,,,,,,,
10,R1210,2.2 ohm 1/2 watt,$0.30,30/10/2004,$0.11,D/S,$0.11,$1.10,14,,,,,,,,
24,,3.3m ohm 1/2 watt,,,,,$0.06,$1.44,14,,,,,,,,
15,,3.3m ohm 1 watt,,,,,$0.17,$2.55,14,,,,,,,,
0,,,,,,,$0.00,$0.00,14,,,,,,,,
6,R1442,47 ohm 1 watt,,,,D/S,$0.11,$0.66,14,,,,,,,,
46,,470k ohm 1/2 watt,,,,,$0.06,$2.76,14,,,,,,,,
3,,47k ohm 1/2 watt,,,,,$0.06,$0.18,14,,,,,,,,
65,,47k ohm 1 watt,,,,,$0.17,$11.05,14,,,,,,,,
1,RWWC4R7J,4.7 ohm 5 watt,,8/08/2011,$0.60,T/T,$0.60,$0.60,14,,,,,,,,
36,,4.7k ohm 5 watt,,,,Elcoma,$0.35,$12.60,14,,,,,,,,
3,,4.7m ohm focus,,,,,$0.49,$1.47,14,,,,,,,,
4,,VDR Zinc Oxide Varistor 250VAC 60J 2500A 10mm,,8/06/2013,$0.25,eBay,$0.00,$0.00,14,,,,,,,,
88,,470 ohm 1W metal ,$0.40,11/08/2016,$0.03,eBay,$0.00,$0.00,14,,,,,,,,
16,,560 ohm 7 watt,,,,,$0.65,$10.40,14,,,,,,,,
10,,560 ohm 5 watt,,,,,$0.35,$3.50,14,,,,,,,,
9,,25C 5 Ohm NTC 5D-11 Thermistor 4 Amp,,30/01/2013,$0.25,eBay,$0.00,$0.00,14,,,,,,,,
19,,56 ohm 1/2W metal,$0.40,1/06/2016,$0.10,eBay,$0.00,$0.00,14,,,,,,,,
66,,5.6k ohm 2 watt,,,,,$0.25,$16.50,14,,,,,,,,
1,,5.6k ohm 1/2 watt,,,,,$0.06,$0.06,14,,,,,,,,
6,,5.6m ohm 1/2 watt,,,,,$0.06,$0.36,14,,,,,,,,
23,,6.8 ohm 1/2 watt,,,,,$0.06,$1.38,14,,,,,,,,
1,,6.8 ohm 1 watt,,,,,$0.17,$0.17,14,,,,,,,,
2,,6.8 ohm 20 watt,,,,,$2.03,$4.06,14,,,,,,,,
1,,68 ohm 1/2 watt,,,,,$0.06,$0.06,14,,,,,,,,
41,,680 ohm 1/2 watt,,,,,$0.06,$2.46,14,,,,,,,,
257,,680 ohm .5% black,,,$0.16,,$0.06,$15.42,14,,,,,,,,
3,,680k ohm 2 watt,,,,,$0.25,$0.75,14,,,,,,,,
58,,68k ohm 1/2 watt,,,,,$0.06,$3.48,14,,,,,,,,
5,,82 ohm 1 watt,,,,,$0.17,$0.85,14,,,,,,,,
1,,82 ohm 2 watt,,,,,$0.25,$0.25,14,,,,,,,,
63,,820 ohm 1/2 watt,,,,,$0.06,$3.78,14,,,,,,,,
3,,820k ohm 1/2 watt,,,,,$0.06,$0.18,14,,,,,,,,
1,,8.2k ohm 1/2 watt,,,,,$0.06,$0.06,14,,,,,,,,
4,R1797,thermistor,,,,,$2.10,$8.40,14,,,,,,,,
1,,VDR 250V -593 - 8mm,,,,Elcoma,$0.52,$0.52,14,,,,,,,,
1,,100k dual splined large pot,,3/08/2007,$1.00,D/S,$1.00,$1.00,16,,,,,,,,
4,,100 ohm miniature horizontal preset,,,,,$0.50,$2.00,16,,,,,,,,
1,,100 ohm wire wound preset - used,,,$4.00,,$0.10,$0.10,16,,,,,,,,
3,,100k ohm dual splined pot,,,$4.50,,$1.00,$3.00,16,,,,,,,,
18,,100k ohm 20 turn preset,,,$1.50,,$0.10,$1.80,16,,,,,,,,
15,R6834,10k ohm dual linear pot,,,$2.31,,$1.00,$15.00,16,,,,,,,,
20,SP207,10k ohm dual linear pot splined small,,,,TESA,$0.30,$6.00,16,,,,,,,,
5,,10k ohm linear dual pot,,,$4.50,,$1.00,$5.00,16,,,,,,,,
1,,10k ohm linear dual pot,,,$3.55,,$1.00,$1.00,16,,,,,,,,
6,,10k ohm medium horizontal preset,,,,,$0.55,$3.30,16,,,,,,,,
2,,10k ohm medium vertical preset,,,,,$0.55,$1.10,16,,,,,,,,
1,,10k ohm miniature horizontal preset,,,,,$0.77,$0.77,16,,,,,,,,
1,,10k ohm miniature vertical preset,,,,,$0.50,$0.50,16,,,,,,,,
8,,10k ohm linear dual splined pot,,,$2.20,,$1.00,$8.00,16,,,,,,,,
1,,10k ohm single log splined pot,,,,,$1.18,$1.18,16,,,,,,,,
89,PTN010,10k ohm single linear pot - small size,,,,KJP,$0.50,$44.50,16,,,,,,,,
30,SP207,10KA + 10KB + SW car stereo,,,$0.30,TESA,$0.10,$3.00,16,,,,,,,,
1,,1k ohm large vertical preset,,,,,$0.55,$0.55,16,,,,,,,,
19,,1k ohm slider,,,$1.50,,$0.50,$9.50,16,,,,,,,,
,,,,,,,$0.00,$0.00,16,,,,,,,,
4,,1m ohm miniature horizontal preset,,,,Elcoma,$0.24,$0.96,16,,,,,,,,
,,,,,,,$0.00,$0.00,16,,,,,,,,
6,,1m ohm miniature horizontal preset,,,,,$0.82,$4.92,16,,,,,,,,
14,,200 ohm copal preset,,,,,$1.19,$16.66,16,,,,,,,,
35,,1k mini horizontal preset,$0.70,18/01/2016,$0.18,eBay,$0.00,$0.00,16,,,,,,,,
2,,20k ohm slider pot,,,$8.80,,$1.00,$2.00,16,,,,,,,,
4,,220 ohm medium horizontal preset,,,,,$0.55,$2.20,16,,,,,,,,
6,,5k linear single splined pot +1 used,$1.50,16/08/2016,$0.28,eBay,$0.00,$0.00,16,,,,,,,,
3,,220k ohm medium horizontal preset,,,,,$0.55,$1.65,16,,,,,,,,
1,,22k ohm medium horizontal preset,,,,,$0.55,$0.55,16,,,,,,,,
9,R7563,250k ohm linear single splined pot,,,$2.81,D/S,$1.00,$9.00,16,,,,,,,,
1,,2k ohm medium horizontal preset,,,,,$0.55,$0.55,16,,,,,,,,
1,,2k ohm slider pot,,,,,$0.25,$0.25,16,,,,,,,,
52,,2.2k ohm large horizontal preset,,,$0.55,,$0.10,$5.20,16,,,,,,,,
4,,2.2k ohm medium horizontal preset,,,,,$0.55,$2.20,16,,,,,,,,
2,,2.5k ohm medium vertical preset,,,,,$0.55,$1.10,16,,,,,,,,
4,,30k ohm miniature vertical variable resistor,,,,,$0.55,$2.20,16,,,,,,,,
3,,47k ohm medium horizontal preset,,,,,$0.55,$1.65,16,,,,,,,,
2,,47k ohm large horizontal preset,,,,,$0.55,$1.10,16,,,,,,,,
2,,47k ohm large vertical preset,,,,,$0.55,$1.10,16,,,,,,,,
1,,4.7k ohm large horizontal preset,,,,,$0.55,$0.55,16,,,,,,,,
5,,4.7k ohm medium horizontal preset ,,,,,$0.55,$2.75,16,,,,,,,,
2,,4.7k ohm miniature horizontal preset,,,,,$0.50,$1.00,16,,,,,,,,
3,,4.7m ohm large horizontal preset,,,,,$1.09,$3.27,16,,,,,,,,
1,P1764,"20k ohm dual lin pot, large, spline.",$6.00,26/08/2004,$2.50,D/S,$2.50,$2.50,16,,,,,,,,
67,,50k ohm slider pot,,,,,$0.25,$16.75,16,,,,,,,,
,,,,,,,$0.00,$0.00,16,,,,,,,,
7,,5k ohm medium vertical preset,,,,,$0.55,$3.85,16,,,,,,,,
5,,20k linear single splined pot,,10/05/2018,$0.40,eBay,$0.00,$0.00,16,,,,,,,,
5,,500k linear single splined pot,,10/05/2018,$0.30,eBay,$0.00,$0.00,16,,,,,,,,
,,,,,,,$0.00,$0.00,16,,,,,,,,
3,,50k linear single splined pot,,10/05/2018,$0.37,eBay,$0.00,$0.00,16,,,,,,,,
,,,,,,,$0.00,$0.00,16,,,,,,,,
1,,IRF540 N-Channel MOSFET 33A 100V,$2.40,10/05/2018,$0.58,eBay,$0.00,$0.00,2,,,,,,,,
100,,3.3 ohm 1/4 watt metal,,7/04/2020,$0.02,eBay,$0.02,$2.00,13,,,,,,,,
100,,36 ohm 1/4 watt metal,,7/04/2020,,eBay,$0.02,$2.00,13,,,,,,,,
103,,MPSA55 PNP 60V .5A GP,,,$0.00,,$0.00,$0.00,1,,,,,,,,
113,,MD8002 NPN dual 50V 30mA,,,$0.00,,$0.00,$0.00,1,,,,,,,,
3,,2SD2560 Darl NPN 150V 15A,$8.50,16/08/2013,$3.63,,$3.63,$10.89,2,,,,,,,,
100,,4.7 ohm 1/4 watt metal,,7/04/2020,,eBay,$0.02,$2.00,13,,,,,,,,
37,,2k2 ohm 1/4 watt metal,,18/09/2013,$0.02,eBay,$0.00,$0.00,13,,,,,,,,
79,,2k ohm 1/4 watt metal,,18/09/2013,$0.02,eBay,$0.00,$0.00,13,,,,,,,,
2,,IRFB4321 HEXFET Power MOSFET 150V 85A,$4.00,5/11/2018,$1.00,eBay,$0.00,$0.00,,,,,,,,,
2,,22pf 500V silver mica,$3.50,10/12/2014,$1.46,eBay,$0.00,$0.00,12,,,,,,,,
1,AN7523,AN7523 sound output panasonic,$10.00,19/11/2004,$2.20,T/T,$2.20,$2.20,7,,,,,,,,
1,TDA8362B,TDA8362B goldstar jungle,$60.00,10/11/2004,$40.00,T/T,$1.00,$1.00,7,,,,,,,,
1,0ISO823402D,GS8234-02D goldstar micro,$70.00,2/11/2004,$48.57,Rankine,$1.00,$1.00,7,,,,,,,,
1,268P069O10,3171 optocoupler mitsubishi tv,$15.00,15/11/2004,$7.17,BDT,$0.00,$0.00,7,,,,,,,,
1,JV/SE130N,SE130 130V feedback reg mitsu tv,$11.00,8/11/2004,$6.75,TESA,$0.00,$0.00,7,,,,,,,,
80,,BAT54 Schottky Diodes SOT-23 PKG. 30V 200mA ,$0.30,7/12/2013,$0.03,eBay,$0.00,$0.00,4,,,,,,,,
50,,BAT54S Schottky Diodes SOT-23 PKG. 30V 200mA,$0.40,7/12/2013,$0.04,eBay,$0.00,$0.00,4,,,,,,,,
1,2SC3807,2SC3807 NPN 30V 2A TV P/S driver,$4.00,25/11/2005,$2.15,T/T,$2.15,$2.15,2,,,,,,,,
1,TDA8214B,TDA8214B vert IC,,8/12/2005,$36.19,TESA,$0.00,$0.00,7,,,,,,,,
1,TDA1013B,TDA1013B audio output IC,,6/12/2005,$5.63,T/T,$0.00,$0.00,7,,,,,,,,
2,,5uF 450V AC CBB61 polypropylene - motor start,$8.40,22/05/2020,$3.20,AliEx,$3.20,$6.40,12,,,,,,,,
1,SO/8-729-016-32,2SC4927 Sony LOPT for KVF29SF11,,24/07/2006,$19.58,TESA,$0.00,$0.00,2,,,,,,,,
100,,5.6 ohm 1/4 watt metal,,7/04/2020,,eBay,$0.02,$2.00,13,,,,,,,,
6,,2uF 450V AC CBB61 polypropylene - motor start,$6.50,22/05/2020,$1.10,AliEx,$1.10,$6.60,12,,,,,,,,
3,R1458,220 ohm 1 watt,$0.50,11/03/2008,$0.10,D/S,$0.10,$0.30,14,,,,,,,,
8,R1460,270 ohm 1 watt,$0.50,11/03/2008,$0.11,D/S,$0.11,$0.88,14,,,,,,,,
100,,6.8 ohm 1/4 watt metal,,7/04/2020,,eBay,$0.02,$2.00,13,,,,,,,,
4,Z4801,LDR,$3.20,25/03/2010,$1.76,,$1.76,$7.04,14,,,,,,,,
8,,white LED 3mm dome top super bright F3,$0.10,18/05/2019,$0.02,eBay,$0.00,$0.00,20,,,,,,,,
91,,2.2nF 1kV ceramic,$0.95,5/12/2016,$0.04,eBay,$0.00,$0.00,12,,,,,,,,
20,,100nF 630V CBB22 Metallized Film,$0.95,22/10/2020,$0.10,eBay,$0.10,$2.00,12,,,,,,,,
28,,100pF 1kV ceramic disk,$0.70,30/05/2017,$0.05,eBay,$0.00,$0.00,12,,,,,,,,
1,,220nF MKP10 Polypropylene 1000V dc 600V ac WIMA,$7.50,5/08/2016,$3.62,eBay,$0.00,$0.00,12,,,,,,,,
1,,2.2uF 250V Polypropylene CBB22,$1.80,27/08/2014,$0.42,eBay,$0.00,$0.00,12,,,,,,,,
300,,47 ohm 1/4 watt metal,,7/04/2020,,eBay,$0.02,$6.00,13,,,,,,,,
,,,,,,,$0.00,$0.00,12,,,,,,,,
2,,6uF 450V AC CBB61 polypropylene - motor start,$8.90,22/05/2020,$2.60,AliEx,$2.60,$5.20,12,,,,,,,,
7,,1000uF 16V 105 degrees,$0.90,4/05/2017,$0.10,eBay,$0.00,$0.00,11,,,,,,,,
15,,22uF 63V 105 degrees,$0.55,22/07/2016,$0.13,eBay,$0.00,$0.00,11,,,,,,,,
1,,8uF 450V AC CBB61 polypropylene - motor start,$9.40,22/05/2020,$2.90,AliEx,$2.90,$2.90,12,,,,,,,,
1,,10uF 450V AC CBB61 polypropylene - motor start,$9.80,22/05/2020,$3.10,AliEx,$3.10,$3.10,12,,,,,,,,
1,,12uF 450V AC CBB61 polypropylene - motor start,$10.40,22/05/2020,$3.30,AliEx,$3.30,$3.30,12,,,,,,,,
2,,22uF 200V 105 degrees,$1.80,2/08/2014,$0.40,eBay,$0.00,$0.00,11,,,,,,,,
40,,10uF 63V 105 degrees,$0.25,1/05/2017,$0.05,eBay,$0.00,$0.00,11,,,,,,,,
1,,4.7nF 500V silver mica (Russian military surplus),$2.65,17/12/2014,$0.65,eBay,$0.00,$0.00,12,,,,,,,,
2,,20uF 450V AC CBB61 polypropylene - motor start,$12.50,22/05/2020,$3.80,AliEx,$3.80,$7.60,12,,,,,,,,
5,,33uF 50V 105C Radial Electrolytic Capacitor 6x12,$0.65,31/12/2014,$0.12,eBay,$0.00,$0.00,11,,,,,,,,
10,,2.7nF 1250V 272K CBB 5%,$3.30,6/01/2015,$0.44,eBay,$0.00,$0.00,12,,,,,,,,
13,,47uF 63V 105 degrees,$0.55,22/07/2016,$0.13,eBay,$0.00,$0.00,11,,,,,,,,
0,,47nF 630V P10 CBB CL21 Metallized Film Capacitor,$0.85,22/01/2015,$0.17,eBay,$0.00,$0.00,12,,,,,,,,
44,,4.7uF 450V 105 degrees,$1.44,31/01/2015,$0.17,eBay,$0.17,$7.48,11,,,,,,,,
4,,470nF 630V CBB CBB21 Metallized Film,$3.20,3/02/2015,$0.50,eBay,$0.00,$0.00,12,,,,,,,,
,,,,,,,$0.00,$0.00,11,,,,,,,,
,,,,,,,$0.00,$0.00,12,,,,,,,,
1,,6800uF 25V 105 degrees,$5.75,20/05/2015,$1.05,eBay,$0.00,$0.00,11,,,,,,,,
19,,8.2k 1W metal,$0.40,5/06/2015,$0.08,eBay,$0.00,$0.00,14,,,,,,,,
19,,15k 1W metal,$0.40,5/06/2015,$0.08,eBay,$0.00,$0.00,14,,,,,,,,
19,,24k 1W metal,$0.40,5/06/2015,$0.08,eBay,$0.00,$0.00,14,,,,,,,,
15,,30k 1W metal,$0.40,5/06/2015,$0.08,eBay,$0.00,$0.00,14,,,,,,,,
19,,180k 1W metal,$0.40,5/06/2015,$0.08,eBay,$0.00,$0.00,14,,,,,,,,
0,,10nF 630V P10 Metallized Film,$0.80,16/07/2016,$0.12,eBay,$0.00,$0.00,12,,,,,,,,
7,,4580M audio dual low noise op-amp - surface mount,$2.50,5/06/2015,$0.43,eBay,$0.00,$0.00,8,,,,,,,,
95,,green LED 3mm dome top,$0.30,30/05/2018,$0.02,eBay,$0.00,$0.00,20,,,,,,,,
100,,yellow LED 3mm dome top,$0.30,30/05/2018,$0.02,eBay,$0.00,$0.00,20,,,,,,,,
0,,2SC4468 NPN 140V 10A,$4.20,14/07/2015,$1.36,eBay,$0.00,$0.00,2,,,,,,,,
0,,2SA1695 PNP 140V 10A,$4.20,14/07/2015,$1.36,eBay,$0.00,$0.00,2,,,,,,,,
0,,zener 5.6V 1N5339B 5W,$1.55,15/08/2015,$0.26,eBay,$0.00,$0.00,4,,,,,,,,
5,,TDA1905 5W audio amp,$6.50,14/09/2015,$1.62,eBay,$0.00,$0.00,6,,,,,,,,
45,,red LED 3mm dome top,$0.30,30/05/2018,$0.02,eBay,$0.00,$0.00,20,,,,,,,,
25,,red LED 3mm flat top,$0.30,23/05/2018,$0.04,eBay,$0.00,$0.00,20,,,,,,,,
85,,green LED 3mm flat top,$0.30,26/05/2018,$0.06,eBay,$0.00,$0.00,20,,,,,,,,
97,,yellow LED 3mm flat top,$0.15,26/05/2018,$0.05,eBay,$0.00,$0.00,20,,,,,,,,
3,,FQP17P06 P-Channel QFET? MOSFET 60V 17A,$10.50,7/08/2015,$2.63,eBay,$0.00,$0.00,2,,,,,,,,
4,,"B30H100G Switch?mode Power Rectifier 100 V, 30 A (double diode)",$13.40,7/08/2015,$3.36,eBay,$0.00,$0.00,4,,,,,,,,
9,,LM317T 1.5A adjustable voltage,$1.00,26/11/2015,$0.20,eBay,$0.00,$0.00,10,,,,,,,,
5,,DB107S 1000V 1A bridge surface mount,$0.60,20/01/2016,$0.14,eBay,$0.00,$0.00,4,,,,,,,,
,,,,,,,$0.00,$0.00,4,,,,,,,,
100,,blue LED 3mm dome top,$0.30,23/05/2018,$0.03,eBay,$0.00,$0.00,20,,,,,,,,
1,,BR3010 Bridge Rectifier 1000V 30A (metal case) ,$8.50,16/02/2016,$5.00,eBay,$0.00,$0.00,4,,,,,,,,
115,,10A10 diode 10A 1000V,$0.90,7/11/2016,$0.08,eBay,$0.00,$0.00,4,,,,,,,,
1,,TIC5200 (2SC5200) Toshiba NPN 230V 15A,$11.50,1/06/2016,$2.85,eBay,$0.00,$0.00,2,,,,,,,,
1,,TIA1943 (2SA1943) Toshiba PNP 230V 15A,$11.50,1/06/2016,$2.85,eBay,$0.00,$0.00,2,,,,,,,,
1,,2SC4793 NPN 230V 1A (1x used),$3.80,1/05/2016,$0.60,eBay,$0.00,$0.00,2,,,,,,,,
,,,,,,,$0.00,$0.00,2,,,,,,,,
,,,,,,,$0.00,$0.00,11,,,,,,,,
38,,blue LED 3mm flat top,$0.30,23/05/2018,$0.03,,$0.00,$0.00,20,,,,,,,,
3,,2N3773 NPN 160V 30A (ON),$7.50,31/10/2017,$0.58,eBay,$0.00,$0.00,3,,,,,,,,
2,,6800uF 16V 105 degrees,$5.50,29/07/2016,$1.84,eBay,$0.00,$0.00,11,,,,,,,,
2,,680uF 16V 105 degrees,$1.00,29/07/2016,$0.25,eBay,$0.00,$0.00,11,,,,,,,,
7,,22uF 50V 105 degrees,$0.45,29/07/2016,$0.07,eBay,$0.00,$0.00,11,,,,,,,,
,,,,,,,$0.00,$0.00,11,,,,,,,,
15,,4.7uF 50V 105 degrees,$0.40,2/08/2016,$0.07,eBay,$0.00,$0.00,11,,,,,,,,
5,,7812CT 12V regulator,$4.20,28/01/2017,$0.72,eBay,$0.00,$0.00,10,,,,,,,,
10,,7812CT 12V regulator,$4.20,2/02/2017,$0.34,eBay,$0.00,$0.00,10,,,,,,,,
0,,ULN2803APG Darlington Array,$1.25,9/01/2019,$0.25,eBay,$0.00,$0.00,6,,,,,,,,
1,,ZD1953 TSOP4136 IR receiver IC Centre frequency: 36kHz,$3.50,,$3.40,Jaycar,$3.40,$3.40,17,,,,,,,,
5,,TSOP4838 IR receiver IC 38kHz,$3.50,,$0.50,eBay,$0.50,$2.50,17,,,,,,,,
,,,,,,,$0.00,$0.00,20,,,,,,,,
0,,,,,$0.00,,$0.00,$0.00,20,,,,,,,,
,,,,,,,,"$3,738.52",,,,,,,,,
